Year,State FIPS code,Group code,State,Population group,Civilian non-institutional population,CLF-Total,CLF-Percent of Population,CLF-Emp-Total,CLF-Emp-Percent of Population,CLF-Unemp-Total,CLF-Unemp-Rate,CLF-Unemp-Error range of rate
2020,01,01,Alabama,Total,"3,882","2,232",57.5,"2,099",54.1,133,6.0,5.2 – 6.8
2020,01,02,Alabama,"Total, 16 to 24 years",576,317,55.0,284,49.4,32,10.2,7.6 – 12.8
2020,01,03,Alabama,"Total, 25 to 54 years","1,786","1,395",78.1,"1,317",73.7,78,5.6,4.7 – 6.5
2020,01,04,Alabama,"Total, 55 years and over","1,520",520,34.2,498,32.8,22,4.3,3.0 – 5.6
2020,01,05,Alabama,Men,"1,834","1,163",63.4,"1,098",59.9,65,5.6,4.6 – 6.6
2020,01,06,Alabama,"Men, 16 to 24 years",289,166,57.4,152,52.6,14,8.4,5.1 – 11.7
2020,01,07,Alabama,"Men, 25 to 54 years",853,719,84.3,679,79.5,40,5.6,4.3 – 6.9
2020,01,08,Alabama,"Men, 55 years and over",691,278,40.2,267,38.7,11,3.8,2.1 – 5.5
2020,01,09,Alabama,Women,"2,048","1,069",52.2,"1,001",48.9,68,6.4,5.2 – 7.6
2020,01,10,Alabama,"Women, 16 to 24 years",287,151,52.6,132,46.2,18,12.2,8.2 – 16.2
2020,01,11,Alabama,"Women, 25 to 54 years",932,676,72.5,638,68.4,38,5.6,4.3 – 6.9
2020,01,12,Alabama,"Women, 55 years and over",829,242,29.2,231,27.8,12,4.8,2.7 – 6.9
2020,01,13,Alabama,White,"2,715","1,572",57.9,"1,494",55.0,77,4.9,4.1 – 5.7
2020,01,14,Alabama,"White, 16 to 24 years",351,200,57.0,185,52.6,15,7.7,4.9 – 10.5
2020,01,15,Alabama,"White, 25 to 54 years","1,217",974,80.1,927,76.1,48,4.9,3.9 – 5.9
2020,01,16,Alabama,"White, 55 years and over","1,146",397,34.6,383,33.4,14,3.6,2.2 – 5.0
2020,01,17,Alabama,Black or African American,"1,012",577,57.0,524,51.8,52,9.0,7.0 – 11.0
2020,01,18,Alabama,"Black or African American, 16 to 24 years",186,101,54.4,86,46.2,15,15.2,9.2 – 21.2
2020,01,19,Alabama,"Black or African American, 25 to 54 years",492,367,74.5,337,68.5,29,8.0,5.6 – 10.4
2020,01,20,Alabama,"Black or African American, 55 years and over",334,109,32.5,101,30.3,7,6.7,2.7 – 10.7
2020,01,25,Alabama,Hispanic or Latino ethnicity,146,95,65.5,88,60.1,8,8.3,4.3 – 12.3
2020,01,27,Alabama,"Hispanic or Latino ethnicity, 25 to 54 years",88,67,75.5,61,69.5,5,7.9,3.3 – 12.5
2020,02,01,Alaska,Total,546,343,63.0,317,58.1,26,7.7,6.5 – 8.9
2020,02,02,Alaska,"Total, 16 to 24 years",80,44,54.5,37,45.7,7,16.1,11.6 – 20.6
2020,02,03,Alaska,"Total, 25 to 54 years",277,220,79.6,206,74.4,14,6.5,5.2 – 7.8
2020,02,04,Alaska,"Total, 55 years and over",188,80,42.2,74,39.5,5,6.5,4.3 – 8.7
2020,02,05,Alaska,Men,278,181,65.3,166,59.8,15,8.4,6.7 – 10.1
2020,02,06,Alaska,"Men, 16 to 24 years",43,22,51.4,18,41.0,4,20.2,13.3 – 27.1
2020,02,07,Alaska,"Men, 25 to 54 years",138,118,85.4,110,79.5,8,7.0,5.1 – 8.9
2020,02,08,Alaska,"Men, 55 years and over",97,42,42.8,39,40.1,3,6.3,3.2 – 9.4
2020,02,09,Alaska,Women,268,162,60.6,151,56.4,11,6.9,5.2 – 8.6
2020,02,10,Alaska,"Women, 16 to 24 years",37,22,58.1,19,51.2,3,11.9,6.3 – 17.5
2020,02,11,Alaska,"Women, 25 to 54 years",139,102,73.7,96,69.3,6,5.9,4.0 – 7.8
2020,02,12,Alaska,"Women, 55 years and over",91,38,41.6,36,38.8,3,6.6,3.3 – 9.9
2020,02,13,Alaska,White,359,227,63.2,214,59.7,13,5.5,4.3 – 6.7
2020,02,14,Alaska,"White, 16 to 24 years",42,24,57.0,21,49.3,3,13.5,7.9 – 19.1
2020,02,15,Alaska,"White, 25 to 54 years",176,143,81.5,137,78.1,6,4.2,2.8 – 5.6
2020,02,16,Alaska,"White, 55 years and over",141,59,42.1,56,39.8,3,5.4,3.0 – 7.8
2020,02,17,Alaska,Black or African American,18,13,69.9,12,66.2,1,5.2,1.4 – 9.0
2020,02,21,Alaska,Asian,37,27,72.1,25,68.2,1,5.4,2.4 – 8.4
2020,02,23,Alaska,"Asian, 25 to 54 years",20,17,83.3,16,78.1,1,6.2,2.2 – 10.2
2020,02,25,Alaska,Hispanic or Latino ethnicity,32,21,67.3,20,62.1,2,7.7,3.7 – 11.7
2020,02,27,Alaska,"Hispanic or Latino ethnicity, 25 to 54 years",20,15,73.5,14,69.1,1,6.0,1.8 – 10.2
2020,04,01,Arizona,Total,"5,860","3,584",61.2,"3,307",56.4,277,7.7,6.8 – 8.6
2020,04,02,Arizona,"Total, 16 to 24 years",906,540,59.6,456,50.4,83,15.5,12.3 – 18.7
2020,04,03,Arizona,"Total, 25 to 54 years","2,765","2,253",81.5,"2,115",76.5,138,6.1,5.1 – 7.1
2020,04,04,Arizona,"Total, 55 years and over","2,190",791,36.1,736,33.6,56,7.0,5.1 – 8.9
2020,04,05,Arizona,Men,"2,858","1,905",66.6,"1,771",62.0,133,7.0,5.8 – 8.2
2020,04,06,Arizona,"Men, 16 to 24 years",479,287,60.0,247,51.5,41,14.2,10.0 – 18.4
2020,04,07,Arizona,"Men, 25 to 54 years","1,328","1,181",88.9,"1,120",84.3,61,5.2,3.9 – 6.5
2020,04,08,Arizona,"Men, 55 years and over","1,051",437,41.5,405,38.5,32,7.3,4.8 – 9.8
2020,04,09,Arizona,Women,"3,002","1,680",56.0,"1,536",51.2,144,8.6,7.2 – 10.0
2020,04,10,Arizona,"Women, 16 to 24 years",427,252,59.2,210,49.2,43,16.9,12.1 – 21.7
2020,04,11,Arizona,"Women, 25 to 54 years","1,437","1,073",74.7,995,69.3,77,7.2,5.6 – 8.8
2020,04,12,Arizona,"Women, 55 years and over","1,139",355,31.1,331,29.0,24,6.8,4.1 – 9.5
2020,04,13,Arizona,White,"5,033","3,051",60.6,"2,832",56.3,220,7.2,6.2 – 8.2
2020,04,14,Arizona,"White, 16 to 24 years",749,457,61.1,388,51.9,69,15.0,11.6 – 18.4
2020,04,15,Arizona,"White, 25 to 54 years","2,309","1,884",81.6,"1,781",77.1,103,5.5,4.4 – 6.6
2020,04,16,Arizona,"White, 55 years and over","1,975",710,36.0,663,33.6,47,6.7,4.8 – 8.6
2020,04,17,Arizona,Black or African American,280,183,65.2,169,60.4,13,7.4,4.1 – 10.7
2020,04,19,Arizona,"Black or African American, 25 to 54 years",166,138,83.1,129,77.7,9,6.4,2.9 – 9.9
2020,04,21,Arizona,Asian,229,140,61.1,127,55.2,13,9.5,5.4 – 13.6
2020,04,23,Arizona,"Asian, 25 to 54 years",128,102,79.8,95,74.1,7,7.2,3.0 – 11.4
2020,04,25,Arizona,Hispanic or Latino ethnicity,"1,879","1,227",65.3,"1,124",59.8,103,8.4,6.5 – 10.3
2020,04,26,Arizona,"Hispanic or Latino ethnicity, 16 to 24 years",431,252,58.5,214,49.7,38,15.1,9.6 – 20.6
2020,04,27,Arizona,"Hispanic or Latino ethnicity, 25 to 54 years","1,016",805,79.2,757,74.5,48,5.9,3.9 – 7.9
2020,04,28,Arizona,"Hispanic or Latino ethnicity, 55 years and over",432,170,39.5,153,35.5,17,10.1,4.5 – 15.7
2020,05,01,Arkansas,Total,"2,358","1,358",57.6,"1,273",54.0,85,6.2,5.3 – 7.1
2020,05,02,Arkansas,"Total, 16 to 24 years",339,186,54.8,165,48.6,21,11.4,8.4 – 14.4
2020,05,03,Arkansas,"Total, 25 to 54 years","1,107",863,78.0,815,73.7,48,5.6,4.6 – 6.6
2020,05,04,Arkansas,"Total, 55 years and over",912,308,33.8,293,32.1,16,5.0,3.4 – 6.6
2020,05,05,Arkansas,Men,"1,133",714,63.0,672,59.3,42,5.9,4.7 – 7.1
2020,05,06,Arkansas,"Men, 16 to 24 years",160,89,55.6,79,49.5,10,11.0,6.7 – 15.3
2020,05,07,Arkansas,"Men, 25 to 54 years",554,466,84.1,440,79.5,26,5.5,4.1 – 6.9
2020,05,08,Arkansas,"Men, 55 years and over",420,159,37.9,153,36.4,6,3.9,1.9 – 5.9
2020,05,09,Arkansas,Women,"1,225",644,52.6,601,49.1,43,6.7,5.4 – 8.0
2020,05,10,Arkansas,"Women, 16 to 24 years",180,97,54.1,86,47.7,11,11.7,7.5 – 15.9
2020,05,11,Arkansas,"Women, 25 to 54 years",553,397,71.8,375,67.8,22,5.6,4.1 – 7.1
2020,05,12,Arkansas,"Women, 55 years and over",493,150,30.4,140,28.5,9,6.2,3.7 – 8.7
2020,05,13,Arkansas,White,"1,901","1,096",57.7,"1,035",54.4,62,5.6,4.7 – 6.5
2020,05,14,Arkansas,"White, 16 to 24 years",252,142,56.5,126,50.1,16,11.3,7.9 – 14.7
2020,05,15,Arkansas,"White, 25 to 54 years",874,690,79.0,658,75.3,33,4.7,3.7 – 5.7
2020,05,16,Arkansas,"White, 55 years and over",776,264,34.0,251,32.3,13,4.9,3.2 – 6.6
2020,05,17,Arkansas,Black or African American,348,199,57.2,181,52.0,18,9.1,6.2 – 12.0
2020,05,19,Arkansas,"Black or African American, 25 to 54 years",175,128,73.3,117,67.0,11,8.6,5.1 – 12.1
2020,05,25,Arkansas,Hispanic or Latino ethnicity,145,94,64.7,89,61.5,5,4.8,2.3 – 7.3
2020,05,27,Arkansas,"Hispanic or Latino ethnicity, 25 to 54 years",89,66,74.7,64,72.1,2,3.6,1.0 – 6.2
2020,06,01,California,Total,"31,084","18,807",60.5,"16,887",54.3,"1,919",10.2,9.7 – 10.7
2020,06,02,California,"Total, 16 to 24 years","4,486","2,149",47.9,"1,757",39.2,392,18.2,16.4 – 20.0
2020,06,03,California,"Total, 25 to 54 years","15,924","12,554",78.8,"11,402",71.6,"1,152",9.2,8.7 – 9.7
2020,06,04,California,"Total, 55 years and over","10,674","4,104",38.4,"3,728",34.9,376,9.2,8.2 – 10.2
2020,06,05,California,Men,"15,206","10,287",67.6,"9,305",61.2,982,9.5,8.9 – 10.1
2020,06,06,California,"Men, 16 to 24 years","2,295","1,099",47.9,899,39.2,200,18.2,15.7 – 20.7
2020,06,07,California,"Men, 25 to 54 years","7,963","6,923",86.9,"6,327",79.5,595,8.6,7.9 – 9.3
2020,06,08,California,"Men, 55 years and over","4,948","2,265",45.8,"2,078",42.0,187,8.2,7.0 – 9.4
2020,06,09,California,Women,"15,877","8,520",53.7,"7,583",47.8,938,11.0,10.3 – 11.7
2020,06,10,California,"Women, 16 to 24 years","2,191","1,050",47.9,858,39.2,192,18.3,15.8 – 20.8
2020,06,11,California,"Women, 25 to 54 years","7,960","5,631",70.7,"5,075",63.7,556,9.9,9.1 – 10.7
2020,06,12,California,"Women, 55 years and over","5,726","1,839",32.1,"1,649",28.8,189,10.3,8.8 – 11.8
2020,06,13,California,White,"22,381","13,594",60.7,"12,244",54.7,"1,350",9.9,9.3 – 10.5
2020,06,14,California,"White, 16 to 24 years","3,163","1,585",50.1,"1,309",41.4,276,17.4,15.4 – 19.4
2020,06,15,California,"White, 25 to 54 years","11,226","8,894",79.2,"8,090",72.1,804,9.0,8.4 – 9.6
2020,06,16,California,"White, 55 years and over","7,992","3,115",39.0,"2,845",35.6,270,8.7,7.6 – 9.8
2020,06,17,California,Black or African American,"1,967","1,177",59.8,"1,033",52.5,144,12.2,10.4 – 14.0
2020,06,18,California,"Black or African American, 16 to 24 years",271,136,50.1,110,40.6,26,19.0,12.8 – 25.2
2020,06,19,California,"Black or African American, 25 to 54 years","1,069",821,76.8,726,68.0,95,11.5,9.4 – 13.6
2020,06,20,California,"Black or African American, 55 years and over",627,220,35.1,197,31.4,23,10.6,6.8 – 14.4
2020,06,21,California,Asian,"5,142","3,012",58.6,"2,722",52.9,290,9.6,8.5 – 10.7
2020,06,22,California,"Asian, 16 to 24 years",697,259,37.2,213,30.5,47,18.0,13.4 – 22.6
2020,06,23,California,"Asian, 25 to 54 years","2,724","2,113",77.5,"1,936",71.0,177,8.4,7.2 – 9.6
2020,06,24,California,"Asian, 55 years and over","1,721",640,37.2,574,33.3,66,10.3,8.0 – 12.6
2020,06,25,California,Hispanic or Latino ethnicity,"11,192","7,099",63.4,"6,270",56.0,829,11.7,10.8 – 12.6
2020,06,26,California,"Hispanic or Latino ethnicity, 16 to 24 years","2,187","1,093",49.9,896,41.0,196,18.0,15.4 – 20.6
2020,06,27,California,"Hispanic or Latino ethnicity, 25 to 54 years","6,393","4,908",76.8,"4,402",68.9,506,10.3,9.3 – 11.3
2020,06,28,California,"Hispanic or Latino ethnicity, 55 years and over","2,612","1,099",42.1,973,37.2,126,11.5,9.3 – 13.7
2020,08,01,Colorado,Total,"4,610","3,127",67.8,"2,898",62.9,230,7.3,6.4 – 8.2
2020,08,02,Colorado,"Total, 16 to 24 years",680,433,63.7,368,54.1,65,15.0,11.6 – 18.4
2020,08,03,Colorado,"Total, 25 to 54 years","2,358","2,016",85.5,"1,884",79.9,132,6.6,5.5 – 7.7
2020,08,04,Colorado,"Total, 55 years and over","1,572",678,43.1,645,41.1,33,4.8,3.2 – 6.4
2020,08,05,Colorado,Men,"2,292","1,707",74.5,"1,588",69.3,119,7.0,5.7 – 8.3
2020,08,06,Colorado,"Men, 16 to 24 years",346,221,63.8,189,54.5,32,14.5,9.8 – 19.2
2020,08,07,Colorado,"Men, 25 to 54 years","1,204","1,116",92.7,"1,041",86.5,75,6.7,5.2 – 8.2
2020,08,08,Colorado,"Men, 55 years and over",742,371,50.0,359,48.4,12,3.3,1.4 – 5.2
2020,08,09,Colorado,Women,"2,318","1,420",61.3,"1,310",56.5,111,7.8,6.3 – 9.3
2020,08,10,Colorado,"Women, 16 to 24 years",334,212,63.5,180,53.7,33,15.4,10.5 – 20.3
2020,08,11,Colorado,"Women, 25 to 54 years","1,154",901,78.1,843,73.1,58,6.4,4.8 – 8.0
2020,08,12,Colorado,"Women, 55 years and over",830,307,37.0,287,34.5,20,6.6,3.8 – 9.4
2020,08,13,Colorado,White,"4,066","2,772",68.2,"2,580",63.4,192,6.9,5.9 – 7.9
2020,08,14,Colorado,"White, 16 to 24 years",579,382,65.9,327,56.5,55,14.3,10.7 – 17.9
2020,08,15,Colorado,"White, 25 to 54 years","2,048","1,776",86.7,"1,668",81.4,108,6.1,5.0 – 7.2
2020,08,16,Colorado,"White, 55 years and over","1,440",614,42.7,585,40.6,29,4.8,3.1 – 6.5
2020,08,17,Colorado,Black or African American,189,114,60.3,103,54.8,10,9.1,2.9 – 15.3
2020,08,19,Colorado,"Black or African American, 25 to 54 years",101,72,71.2,67,66.4,5,6.7,(2)-
2020,08,21,Colorado,Asian,147,104,70.9,92,62.6,12,11.7,5.8 – 17.6
2020,08,25,Colorado,Hispanic or Latino ethnicity,956,696,72.8,629,65.8,67,9.6,7.1 – 12.1
2020,08,26,Colorado,"Hispanic or Latino ethnicity, 16 to 24 years",205,145,70.8,122,59.4,23,16.0,9.1 – 22.9
2020,08,27,Colorado,"Hispanic or Latino ethnicity, 25 to 54 years",556,473,85.1,434,78.1,39,8.2,5.4 – 11.0
2020,08,28,Colorado,"Hispanic or Latino ethnicity, 55 years and over",195,77,39.7,73,37.4,4,5.8,(2)-
2020,09,01,Connecticut,Total,"2,883","1,868",64.8,"1,723",59.7,145,7.8,6.8 – 8.8
2020,09,02,Connecticut,"Total, 16 to 24 years",417,231,55.5,195,46.8,36,15.6,11.8 – 19.4
2020,09,03,Connecticut,"Total, 25 to 54 years","1,309","1,101",84.2,"1,031",78.7,71,6.4,5.2 – 7.6
2020,09,04,Connecticut,"Total, 55 years and over","1,158",535,46.2,497,42.9,38,7.1,5.3 – 8.9
2020,09,05,Connecticut,Men,"1,390",982,70.6,901,64.8,81,8.3,6.9 – 9.7
2020,09,06,Connecticut,"Men, 16 to 24 years",209,120,57.4,99,47.6,20,17.0,11.5 – 22.5
2020,09,07,Connecticut,"Men, 25 to 54 years",640,575,89.9,538,84.1,37,6.5,4.9 – 8.1
2020,09,08,Connecticut,"Men, 55 years and over",541,286,53.0,263,48.7,23,8.1,5.5 – 10.7
2020,09,09,Connecticut,Women,"1,494",886,59.3,822,55.0,64,7.2,5.8 – 8.6
2020,09,10,Connecticut,"Women, 16 to 24 years",208,111,53.5,96,46.0,16,14.1,8.8 – 19.4
2020,09,11,Connecticut,"Women, 25 to 54 years",669,526,78.7,493,73.7,33,6.4,4.7 – 8.1
2020,09,12,Connecticut,"Women, 55 years and over",617,248,40.3,234,37.9,15,6.0,3.6 – 8.4
2020,09,13,Connecticut,White,"2,300","1,451",63.1,"1,340",58.3,110,7.6,6.5 – 8.7
2020,09,14,Connecticut,"White, 16 to 24 years",315,163,51.7,135,42.9,28,16.9,12.2 – 21.6
2020,09,15,Connecticut,"White, 25 to 54 years",984,829,84.3,777,79.0,52,6.3,5.0 – 7.6
2020,09,16,Connecticut,"White, 55 years and over","1,000",458,45.8,427,42.7,31,6.8,4.9 – 8.7
2020,09,17,Connecticut,Black or African American,332,234,70.4,216,65.2,17,7.4,4.5 – 10.3
2020,09,19,Connecticut,"Black or African American, 25 to 54 years",188,157,83.6,145,77.1,12,7.8,4.3 – 11.3
2020,09,21,Connecticut,Asian,200,144,72.1,132,66.0,12,8.5,5.2 – 11.8
2020,09,23,Connecticut,"Asian, 25 to 54 years",113,93,82.4,87,77.1,6,6.4,2.8 – 10.0
2020,09,25,Connecticut,Hispanic or Latino ethnicity,406,279,68.6,251,61.7,28,10.0,7.0 – 13.0
2020,09,26,Connecticut,"Hispanic or Latino ethnicity, 16 to 24 years",78,47,60.6,39,50.9,7,15.9,7.1 – 24.7
2020,09,27,Connecticut,"Hispanic or Latino ethnicity, 25 to 54 years",230,186,80.7,169,73.6,16,8.7,5.3 – 12.1
2020,09,28,Connecticut,"Hispanic or Latino ethnicity, 55 years and over",99,46,46.7,42,42.4,4,9.2,2.2 – 16.2
2020,10,01,Delaware,Total,791,484,61.2,446,56.4,38,7.8,6.7 – 8.9
2020,10,02,Delaware,"Total, 16 to 24 years",107,67,63.3,57,53.4,11,15.7,11.9 – 19.5
2020,10,03,Delaware,"Total, 25 to 54 years",340,289,84.9,272,79.9,17,5.8,4.6 – 7.0
2020,10,04,Delaware,"Total, 55 years and over",344,127,37.0,117,34.1,10,8.0,5.9 – 10.1
2020,10,05,Delaware,Men,375,253,67.5,233,62.0,21,8.1,6.6 – 9.6
2020,10,06,Delaware,"Men, 16 to 24 years",51,35,69.8,29,56.6,7,18.8,13.1 – 24.5
2020,10,07,Delaware,"Men, 25 to 54 years",167,150,89.8,141,84.7,9,5.7,4.1 – 7.3
2020,10,08,Delaware,"Men, 55 years and over",158,68,43.1,63,39.7,5,7.9,5.1 – 10.7
2020,10,09,Delaware,Women,415,231,55.5,214,51.4,17,7.4,5.9 – 8.9
2020,10,10,Delaware,"Women, 16 to 24 years",56,32,57.5,28,50.5,4,12.2,7.2 – 17.2
2020,10,11,Delaware,"Women, 25 to 54 years",174,139,80.2,131,75.4,8,6.0,4.3 – 7.7
2020,10,12,Delaware,"Women, 55 years and over",186,59,31.9,54,29.3,5,8.2,5.1 – 11.3
2020,10,13,Delaware,White,567,343,60.4,319,56.3,24,6.9,5.7 – 8.1
2020,10,14,Delaware,"White, 16 to 24 years",68,46,67.7,40,58.3,6,13.8,9.4 – 18.2
2020,10,15,Delaware,"White, 25 to 54 years",231,198,86.0,189,81.9,9,4.8,3.5 – 6.1
2020,10,16,Delaware,"White, 55 years and over",268,98,36.6,90,33.7,8,8.0,5.7 – 10.3
2020,10,17,Delaware,Black or African American,174,108,62.1,96,55.4,12,10.7,7.9 – 13.5
2020,10,18,Delaware,"Black or African American, 16 to 24 years",28,16,57.8,13,46.7,3,19.1,10.3 – 27.9
2020,10,19,Delaware,"Black or African American, 25 to 54 years",82,66,81.3,60,73.8,6,9.2,6.0 – 12.4
2020,10,20,Delaware,"Black or African American, 55 years and over",64,25,39.4,23,35.7,2,9.2,4.0 – 14.4
2020,10,21,Delaware,Asian,32,20,63.7,19,60.1,1,5.6,2.0 – 9.2
2020,10,23,Delaware,"Asian, 25 to 54 years",18,15,83.9,15,79.6,1,5.2,1.2 – 9.2
2020,10,25,Delaware,Hispanic or Latino ethnicity,60,46,76.5,41,68.9,5,9.9,6.0 – 13.8
2020,10,27,Delaware,"Hispanic or Latino ethnicity, 25 to 54 years",39,33,83.3,31,78.1,2,6.2,2.5 – 9.9
2020,11,01,District of Columbia,Total,584,406,69.5,374,64.1,32,7.9,7.0 – 8.8
2020,11,02,District of Columbia,"Total, 16 to 24 years",74,41,54.9,33,45.2,7,17.5,13.6 – 21.4
2020,11,03,District of Columbia,"Total, 25 to 54 years",350,304,86.7,283,80.8,21,6.9,5.9 – 7.9
2020,11,04,District of Columbia,"Total, 55 years and over",160,62,38.7,58,36.2,4,6.4,4.4 – 8.4
2020,11,05,District of Columbia,Men,270,197,72.9,183,67.7,14,7.1,5.9 – 8.3
2020,11,06,District of Columbia,"Men, 16 to 24 years",33,17,51.3,14,43.0,3,16.2,10.3 – 22.1
2020,11,07,District of Columbia,"Men, 25 to 54 years",166,148,89.3,139,83.6,9,6.4,5.1 – 7.7
2020,11,08,District of Columbia,"Men, 55 years and over",71,32,44.6,30,42.1,2,5.6,2.9 – 8.3
2020,11,09,District of Columbia,Women,313,209,66.7,191,60.9,18,8.6,7.3 – 9.9
2020,11,10,District of Columbia,"Women, 16 to 24 years",41,24,57.8,19,47.1,4,18.5,13.3 – 23.7
2020,11,11,District of Columbia,"Women, 25 to 54 years",184,155,84.4,144,78.2,11,7.3,5.9 – 8.7
2020,11,12,District of Columbia,"Women, 55 years and over",88,30,33.9,28,31.4,2,7.4,4.3 – 10.5
2020,11,13,District of Columbia,White,282,227,80.5,218,77.3,9,4.1,3.2 – 5.0
2020,11,14,District of Columbia,"White, 16 to 24 years",33,21,65.1,20,60.0,2,7.9,4.1 – 11.7
2020,11,15,District of Columbia,"White, 25 to 54 years",190,174,92.0,168,88.5,7,3.8,2.9 – 4.7
2020,11,16,District of Columbia,"White, 55 years and over",59,31,52.6,30,51.0,1,3.1,1.1 – 5.1
2020,11,17,District of Columbia,Black or African American,256,142,55.6,121,47.5,21,14.7,12.7 – 16.7
2020,11,18,District of Columbia,"Black or African American, 16 to 24 years",34,15,43.2,10,29.0,5,32.7,24.9 – 40.5
2020,11,19,District of Columbia,"Black or African American, 25 to 54 years",128,100,78.4,87,68.2,13,13.1,11.0 – 15.2
2020,11,20,District of Columbia,"Black or African American, 55 years and over",94,27,29.1,24,26.0,3,10.6,6.8 – 14.4
2020,11,21,District of Columbia,Asian,33,26,78.1,25,74.9,1,4.0,1.9 – 6.1
2020,11,23,District of Columbia,"Asian, 25 to 54 years",24,21,88.1,20,85.5,1,2.9,0.9 – 4.9
2020,11,25,District of Columbia,Hispanic or Latino ethnicity,56,41,72.7,37,66.2,4,8.9,6.1 – 11.7
2020,11,27,District of Columbia,"Hispanic or Latino ethnicity, 25 to 54 years",36,31,84.3,29,78.6,2,6.7,3.9 – 9.5
2020,12,01,Florida,Total,"17,647","10,071",57.1,"9,271",52.5,800,7.9,7.3 – 8.5
2020,12,02,Florida,"Total, 16 to 24 years","2,088",990,47.4,844,40.4,146,14.7,12.3 – 17.1
2020,12,03,Florida,"Total, 25 to 54 years","8,079","6,462",80.0,"5,982",74.0,480,7.4,6.7 – 8.1
2020,12,04,Florida,"Total, 55 years and over","7,479","2,619",35.0,"2,445",32.7,174,6.6,5.6 – 7.6
2020,12,05,Florida,Men,"8,458","5,360",63.4,"4,954",58.6,406,7.6,6.8 – 8.4
2020,12,06,Florida,"Men, 16 to 24 years","1,052",513,48.8,439,41.7,74,14.4,11.1 – 17.7
2020,12,07,Florida,"Men, 25 to 54 years","3,961","3,428",86.5,"3,183",80.4,245,7.1,6.2 – 8.0
2020,12,08,Florida,"Men, 55 years and over","3,445","1,419",41.2,"1,332",38.7,87,6.1,4.7 – 7.5
2020,12,09,Florida,Women,"9,189","4,711",51.3,"4,317",47.0,394,8.4,7.5 – 9.3
2020,12,10,Florida,"Women, 16 to 24 years","1,036",477,46.0,405,39.1,72,15.1,11.6 – 18.6
2020,12,11,Florida,"Women, 25 to 54 years","4,119","3,035",73.7,"2,799",68.0,235,7.8,6.8 – 8.8
2020,12,12,Florida,"Women, 55 years and over","4,035","1,200",29.7,"1,113",27.6,87,7.2,5.6 – 8.8
2020,12,13,Florida,White,"13,974","7,820",56.0,"7,247",51.9,573,7.3,6.7 – 7.9
2020,12,14,Florida,"White, 16 to 24 years","1,538",766,49.8,669,43.5,97,12.6,10.0 – 15.2
2020,12,15,Florida,"White, 25 to 54 years","6,058","4,877",80.5,"4,540",75.0,337,6.9,6.1 – 7.7
2020,12,16,Florida,"White, 55 years and over","6,378","2,177",34.1,"2,037",31.9,139,6.4,5.3 – 7.5
2020,12,17,Florida,Black or African American,"2,760","1,690",61.2,"1,500",54.3,190,11.2,9.7 – 12.7
2020,12,18,Florida,"Black or African American, 16 to 24 years",424,174,41.1,133,31.4,41,23.7,17.5 – 29.9
2020,12,19,Florida,"Black or African American, 25 to 54 years","1,530","1,194",78.1,"1,072",70.1,122,10.3,8.6 – 12.0
2020,12,20,Florida,"Black or African American, 55 years and over",807,322,39.8,296,36.6,26,8.1,5.2 – 11.0
2020,12,21,Florida,Asian,518,317,61.3,298,57.6,19,6.0,3.3 – 8.7
2020,12,23,Florida,"Asian, 25 to 54 years",282,225,79.7,215,76.1,10,4.5,1.7 – 7.3
2020,12,25,Florida,Hispanic or Latino ethnicity,"4,721","2,962",62.7,"2,680",56.8,282,9.5,8.3 – 10.7
2020,12,26,Florida,"Hispanic or Latino ethnicity, 16 to 24 years",719,322,44.8,265,36.8,57,17.8,13.2 – 22.4
2020,12,27,Florida,"Hispanic or Latino ethnicity, 25 to 54 years","2,531","2,036",80.4,"1,855",73.3,181,8.9,7.5 – 10.3
2020,12,28,Florida,"Hispanic or Latino ethnicity, 55 years and over","1,471",604,41.1,560,38.1,44,7.2,4.9 – 9.5
2020,13,01,Georgia,Total,"8,298","5,046",60.8,"4,716",56.8,331,6.6,5.8 – 7.4
2020,13,02,Georgia,"Total, 16 to 24 years","1,281",671,52.3,585,45.6,86,12.9,10.0 – 15.8
2020,13,03,Georgia,"Total, 25 to 54 years","4,167","3,296",79.1,"3,099",74.4,197,6.0,5.1 – 6.9
2020,13,04,Georgia,"Total, 55 years and over","2,850","1,080",37.9,"1,032",36.2,47,4.4,3.0 – 5.8
2020,13,05,Georgia,Men,"3,914","2,580",65.9,"2,427",62.0,153,5.9,4.8 – 7.0
2020,13,06,Georgia,"Men, 16 to 24 years",623,322,51.8,285,45.7,38,11.7,7.7 – 15.7
2020,13,07,Georgia,"Men, 25 to 54 years","2,000","1,684",84.2,"1,596",79.8,89,5.3,4.1 – 6.5
2020,13,08,Georgia,"Men, 55 years and over","1,291",574,44.4,546,42.3,27,4.8,2.8 – 6.8
2020,13,09,Georgia,Women,"4,384","2,466",56.3,"2,289",52.2,177,7.2,6.0 – 8.4
2020,13,10,Georgia,"Women, 16 to 24 years",658,348,52.9,300,45.5,49,13.9,9.8 – 18.0
2020,13,11,Georgia,"Women, 25 to 54 years","2,167","1,612",74.4,"1,503",69.4,109,6.8,5.4 – 8.2
2020,13,12,Georgia,"Women, 55 years and over","1,559",506,32.4,486,31.2,20,3.9,2.0 – 5.8
2020,13,13,Georgia,White,"5,005","2,982",59.6,"2,824",56.4,157,5.3,4.4 – 6.2
2020,13,14,Georgia,"White, 16 to 24 years",738,390,52.9,344,46.7,46,11.7,8.1 – 15.3
2020,13,15,Georgia,"White, 25 to 54 years","2,325","1,858",79.9,"1,771",76.2,86,4.6,3.5 – 5.7
2020,13,16,Georgia,"White, 55 years and over","1,942",734,37.8,709,36.5,25,3.4,1.9 – 4.9
2020,13,17,Georgia,Black or African American,"2,642","1,610",61.0,"1,474",55.8,136,8.5,6.9 – 10.1
2020,13,18,Georgia,"Black or African American, 16 to 24 years",426,215,50.5,185,43.4,30,14.0,8.7 – 19.3
2020,13,19,Georgia,"Black or African American, 25 to 54 years","1,451","1,121",77.3,"1,034",71.3,87,7.8,6.0 – 9.6
2020,13,20,Georgia,"Black or African American, 55 years and over",765,274,35.8,255,33.3,19,7.0,3.6 – 10.4
2020,13,21,Georgia,Asian,415,287,69.2,267,64.4,20,7.0,4.1 – 9.9
2020,13,23,Georgia,"Asian, 25 to 54 years",247,200,81.1,185,74.8,16,7.8,4.2 – 11.4
2020,13,25,Georgia,Hispanic or Latino ethnicity,750,524,69.9,488,65.1,36,6.9,4.6 – 9.2
2020,13,26,Georgia,"Hispanic or Latino ethnicity, 16 to 24 years",176,105,59.6,94,53.2,11,10.6,4.2 – 17.0
2020,13,27,Georgia,"Hispanic or Latino ethnicity, 25 to 54 years",473,363,76.8,341,72.0,23,6.2,3.5 – 8.9
2020,15,01,Hawaii,Total,"1,086",647,59.6,571,52.6,76,11.7,10.4 – 13.0
2020,15,02,Hawaii,"Total, 16 to 24 years",147,73,49.5,60,41.0,12,17.1,12.7 – 21.5
2020,15,03,Hawaii,"Total, 25 to 54 years",503,401,79.8,356,70.9,45,11.1,9.5 – 12.7
2020,15,04,Hawaii,"Total, 55 years and over",437,173,39.7,155,35.4,19,10.8,8.5 – 13.1
2020,15,05,Hawaii,Men,523,336,64.2,296,56.6,40,11.8,10.0 – 13.6
2020,15,06,Hawaii,"Men, 16 to 24 years",72,36,49.4,30,41.0,6,17.1,10.9 – 23.3
2020,15,07,Hawaii,"Men, 25 to 54 years",247,211,85.3,187,75.5,24,11.5,9.3 – 13.7
2020,15,08,Hawaii,"Men, 55 years and over",204,89,43.8,80,39.2,9,10.4,7.2 – 13.6
2020,15,09,Hawaii,Women,563,311,55.2,275,48.8,36,11.6,9.7 – 13.5
2020,15,10,Hawaii,"Women, 16 to 24 years",75,37,49.6,31,41.1,6,17.1,11.0 – 23.2
2020,15,11,Hawaii,"Women, 25 to 54 years",256,190,74.4,170,66.4,20,10.7,8.5 – 12.9
2020,15,12,Hawaii,"Women, 55 years and over",233,84,36.1,75,32.1,9,11.1,7.7 – 14.5
2020,15,13,Hawaii,White,257,152,59.0,134,52.0,18,11.8,9.1 – 14.5
2020,15,14,Hawaii,"White, 16 to 24 years",30,14,48.8,12,39.7,3,18.6,8.5 – 28.7
2020,15,15,Hawaii,"White, 25 to 54 years",115,93,80.9,82,71.5,11,11.6,8.3 – 14.9
2020,15,16,Hawaii,"White, 55 years and over",112,44,39.2,39,35.2,4,10.1,5.6 – 14.6
2020,15,17,Hawaii,Black or African American,19,13,67.6,11,58.2,2,13.9,6.2 – 21.6
2020,15,21,Hawaii,Asian,477,269,56.4,236,49.6,32,12.1,10.2 – 14.0
2020,15,22,Hawaii,"Asian, 16 to 24 years",47,22,47.4,18,37.8,5,20.3,12.5 – 28.1
2020,15,23,Hawaii,"Asian, 25 to 54 years",193,158,81.9,140,72.7,18,11.3,9.0 – 13.6
2020,15,24,Hawaii,"Asian, 55 years and over",237,88,37.3,78,33.1,10,11.5,8.4 – 14.6
2020,15,25,Hawaii,Hispanic or Latino ethnicity,71,48,68.1,42,59.6,6,12.6,7.6 – 17.6
2020,15,27,Hawaii,"Hispanic or Latino ethnicity, 25 to 54 years",43,35,80.3,31,70.5,4,12.3,6.6 – 18.0
2020,16,01,Idaho,Total,"1,406",896,63.7,849,60.4,46,5.2,4.5 – 5.9
2020,16,02,Idaho,"Total, 16 to 24 years",210,139,66.2,125,59.7,14,9.7,7.2 – 12.2
2020,16,03,Idaho,"Total, 25 to 54 years",680,559,82.2,536,78.8,23,4.2,3.4 – 5.0
2020,16,04,Idaho,"Total, 55 years and over",516,198,38.3,188,36.4,10,4.8,3.3 – 6.3
2020,16,05,Idaho,Men,697,496,71.2,472,67.8,24,4.9,3.9 – 5.9
2020,16,06,Idaho,"Men, 16 to 24 years",104,67,64.4,60,57.6,7,10.6,6.9 – 14.3
2020,16,07,Idaho,"Men, 25 to 54 years",343,317,92.6,305,88.9,12,3.9,2.8 – 5.0
2020,16,08,Idaho,"Men, 55 years and over",251,112,44.9,108,43.0,5,4.2,2.3 – 6.1
2020,16,09,Idaho,Women,710,399,56.2,377,53.1,22,5.6,4.4 – 6.8
2020,16,10,Idaho,"Women, 16 to 24 years",106,72,67.8,66,61.7,6,9.0,5.7 – 12.3
2020,16,11,Idaho,"Women, 25 to 54 years",338,242,71.7,231,68.5,11,4.5,3.2 – 5.8
2020,16,12,Idaho,"Women, 55 years and over",266,85,32.0,80,30.2,5,5.7,3.2 – 8.2
2020,16,13,Idaho,White,"1,319",839,63.6,796,60.4,42,5.0,4.2 – 5.8
2020,16,14,Idaho,"White, 16 to 24 years",189,127,67.3,116,61.1,12,9.2,6.7 – 11.7
2020,16,15,Idaho,"White, 25 to 54 years",635,523,82.4,502,79.0,21,4.1,3.2 – 5.0
2020,16,16,Idaho,"White, 55 years and over",494,188,38.0,179,36.1,9,4.9,3.3 – 6.5
2020,16,25,Idaho,Hispanic or Latino ethnicity,167,120,72.2,111,66.7,9,7.6,5.0 – 10.2
2020,16,27,Idaho,"Hispanic or Latino ethnicity, 25 to 54 years",102,82,80.9,78,76.4,5,5.6,2.9 – 8.3
2020,17,01,Illinois,Total,"9,960","6,246",62.7,"5,677",57.0,569,9.1,8.4 – 9.8
2020,17,02,Illinois,"Total, 16 to 24 years","1,462",758,51.9,609,41.7,149,19.7,16.8 – 22.6
2020,17,03,Illinois,"Total, 25 to 54 years","4,880","4,038",82.7,"3,738",76.6,299,7.4,6.6 – 8.2
2020,17,04,Illinois,"Total, 55 years and over","3,618","1,450",40.1,"1,330",36.8,120,8.3,6.8 – 9.8
2020,17,05,Illinois,Men,"4,819","3,261",67.7,"2,981",61.9,280,8.6,7.6 – 9.6
2020,17,06,Illinois,"Men, 16 to 24 years",734,378,51.5,302,41.2,76,20.0,15.8 – 24.2
2020,17,07,Illinois,"Men, 25 to 54 years","2,416","2,131",88.2,"1,975",81.7,155,7.3,6.2 – 8.4
2020,17,08,Illinois,"Men, 55 years and over","1,668",752,45.1,703,42.1,49,6.6,4.8 – 8.4
2020,17,09,Illinois,Women,"5,141","2,985",58.1,"2,696",52.5,289,9.7,8.6 – 10.8
2020,17,10,Illinois,"Women, 16 to 24 years",727,380,52.3,307,42.1,74,19.4,15.3 – 23.5
2020,17,11,Illinois,"Women, 25 to 54 years","2,464","1,907",77.4,"1,763",71.6,144,7.6,6.4 – 8.8
2020,17,12,Illinois,"Women, 55 years and over","1,950",698,35.8,627,32.2,71,10.2,7.9 – 12.5
2020,17,13,Illinois,White,"7,769","4,954",63.8,"4,534",58.4,420,8.5,7.7 – 9.3
2020,17,14,Illinois,"White, 16 to 24 years","1,108",598,54.0,493,44.5,106,17.7,14.5 – 20.9
2020,17,15,Illinois,"White, 25 to 54 years","3,741","3,152",84.3,"2,934",78.4,218,6.9,6.0 – 7.8
2020,17,16,Illinois,"White, 55 years and over","2,921","1,204",41.2,"1,107",37.9,97,8.0,6.4 – 9.6
2020,17,17,Illinois,Black or African American,"1,399",784,56.0,671,48.0,113,14.4,12.0 – 16.8
2020,17,18,Illinois,"Black or African American, 16 to 24 years",212,104,49.3,75,35.3,30,28.4,20.4 – 36.4
2020,17,19,Illinois,"Black or African American, 25 to 54 years",702,533,75.9,467,66.5,66,12.3,9.7 – 14.9
2020,17,20,Illinois,"Black or African American, 55 years and over",485,146,30.1,129,26.6,17,11.8,6.9 – 16.7
2020,17,21,Illinois,Asian,650,418,64.4,393,60.5,25,6.0,3.9 – 8.1
2020,17,23,Illinois,"Asian, 25 to 54 years",369,296,80.3,284,76.9,12,4.2,2.1 – 6.3
2020,17,24,Illinois,"Asian, 55 years and over",184,91,49.4,84,45.8,7,7.2,2.3 – 12.1
2020,17,25,Illinois,Hispanic or Latino ethnicity,"1,644","1,145",69.6,"1,007",61.3,138,12.0,9.9 – 14.1
2020,17,26,Illinois,"Hispanic or Latino ethnicity, 16 to 24 years",344,191,55.4,146,42.6,44,23.2,16.7 – 29.7
2020,17,27,Illinois,"Hispanic or Latino ethnicity, 25 to 54 years",934,765,81.9,691,74.1,73,9.6,7.3 – 11.9
2020,17,28,Illinois,"Hispanic or Latino ethnicity, 55 years and over",367,190,51.7,169,46.1,20,10.8,6.0 – 15.6
2020,18,01,Indiana,Total,"5,273","3,337",63.3,"3,100",58.8,237,7.1,6.2 – 8.0
2020,18,02,Indiana,"Total, 16 to 24 years",809,457,56.5,400,49.4,57,12.6,9.6 – 15.6
2020,18,03,Indiana,"Total, 25 to 54 years","2,571","2,129",82.8,"1,995",77.6,135,6.3,5.3 – 7.3
2020,18,04,Indiana,"Total, 55 years and over","1,893",751,39.7,706,37.3,45,6.0,4.3 – 7.7
2020,18,05,Indiana,Men,"2,561","1,768",69.1,"1,649",64.4,119,6.7,5.5 – 7.9
2020,18,06,Indiana,"Men, 16 to 24 years",400,226,56.6,197,49.3,29,12.8,8.5 – 17.1
2020,18,07,Indiana,"Men, 25 to 54 years","1,281","1,150",89.8,"1,078",84.2,71,6.2,4.8 – 7.6
2020,18,08,Indiana,"Men, 55 years and over",880,392,44.6,374,42.5,19,4.8,2.7 – 6.9
2020,18,09,Indiana,Women,"2,712","1,569",57.8,"1,451",53.5,118,7.5,6.2 – 8.8
2020,18,10,Indiana,"Women, 16 to 24 years",409,231,56.5,203,49.5,28,12.3,8.2 – 16.4
2020,18,11,Indiana,"Women, 25 to 54 years","1,290",979,75.9,916,71.0,63,6.4,4.9 – 7.9
2020,18,12,Indiana,"Women, 55 years and over","1,013",359,35.4,332,32.8,26,7.3,4.7 – 9.9
2020,18,13,Indiana,White,"4,512","2,865",63.5,"2,681",59.4,184,6.4,5.5 – 7.3
2020,18,14,Indiana,"White, 16 to 24 years",661,379,57.4,336,50.8,44,11.6,8.5 – 14.7
2020,18,15,Indiana,"White, 25 to 54 years","2,173","1,824",84.0,"1,718",79.1,106,5.8,4.8 – 6.8
2020,18,16,Indiana,"White, 55 years and over","1,678",662,39.4,627,37.4,35,5.3,3.6 – 7.0
2020,18,17,Indiana,Black or African American,478,286,60.0,255,53.3,32,11.1,7.6 – 14.6
2020,18,19,Indiana,"Black or African American, 25 to 54 years",249,189,75.8,172,69.0,17,8.9,5.1 – 12.7
2020,18,21,Indiana,Asian,129,80,61.8,73,56.2,7,9.0,3.8 – 14.2
2020,18,25,Indiana,Hispanic or Latino ethnicity,313,217,69.5,197,63.0,20,9.3,5.6 – 13.0
2020,18,27,Indiana,"Hispanic or Latino ethnicity, 25 to 54 years",192,150,78.0,135,70.5,14,9.6,5.1 – 14.1
2020,19,01,Iowa,Total,"2,479","1,660",66.9,"1,570",63.3,90,5.4,4.6 – 6.2
2020,19,02,Iowa,"Total, 16 to 24 years",358,220,61.5,197,55.2,23,10.3,7.2 – 13.4
2020,19,03,Iowa,"Total, 25 to 54 years","1,163","1,005",86.5,956,82.3,49,4.9,3.9 – 5.9
2020,19,04,Iowa,"Total, 55 years and over",959,435,45.3,416,43.4,19,4.3,2.8 – 5.8
2020,19,05,Iowa,Men,"1,226",880,71.8,833,67.9,48,5.4,4.2 – 6.6
2020,19,06,Iowa,"Men, 16 to 24 years",179,115,64.3,104,58.4,11,9.2,5.1 – 13.3
2020,19,07,Iowa,"Men, 25 to 54 years",594,538,90.5,512,86.1,27,4.9,3.5 – 6.3
2020,19,08,Iowa,"Men, 55 years and over",453,227,50.2,217,47.9,11,4.6,2.5 – 6.7
2020,19,09,Iowa,Women,"1,254",780,62.2,737,58.8,42,5.4,4.2 – 6.6
2020,19,10,Iowa,"Women, 16 to 24 years",179,105,58.6,93,51.9,12,11.4,6.7 – 16.1
2020,19,11,Iowa,"Women, 25 to 54 years",568,467,82.2,445,78.3,22,4.8,3.3 – 6.3
2020,19,12,Iowa,"Women, 55 years and over",506,207,41.0,199,39.4,8,3.8,1.8 – 5.8
2020,19,13,Iowa,White,"2,262","1,519",67.1,"1,443",63.8,75,5.0,4.1 – 5.9
2020,19,14,Iowa,"White, 16 to 24 years",316,199,63.0,181,57.5,17,8.7,5.7 – 11.7
2020,19,15,Iowa,"White, 25 to 54 years","1,029",899,87.4,858,83.4,41,4.5,3.5 – 5.5
2020,19,16,Iowa,"White, 55 years and over",918,421,45.9,404,44.0,17,4.2,2.7 – 5.7
2020,19,25,Iowa,Hispanic or Latino ethnicity,148,102,69.0,91,61.5,11,10.9,5.8 – 16.0
2020,19,27,Iowa,"Hispanic or Latino ethnicity, 25 to 54 years",83,69,83.0,63,76.3,6,8.0,2.6 – 13.4
2020,20,01,Kansas,Total,"2,234","1,503",67.3,"1,417",63.4,86,5.7,4.9 – 6.5
2020,20,02,Kansas,"Total, 16 to 24 years",347,230,66.1,203,58.4,27,11.6,8.6 – 14.6
2020,20,03,Kansas,"Total, 25 to 54 years","1,050",905,86.1,863,82.2,42,4.6,3.6 – 5.6
2020,20,04,Kansas,"Total, 55 years and over",837,369,44.1,352,42.0,17,4.7,3.2 – 6.2
2020,20,05,Kansas,Men,"1,093",792,72.5,746,68.3,46,5.8,4.6 – 7.0
2020,20,06,Kansas,"Men, 16 to 24 years",171,111,64.9,98,57.0,14,12.2,7.8 – 16.6
2020,20,07,Kansas,"Men, 25 to 54 years",536,488,91.0,464,86.5,24,4.9,3.5 – 6.3
2020,20,08,Kansas,"Men, 55 years and over",386,193,50.1,185,47.9,9,4.5,2.4 – 6.6
2020,20,09,Kansas,Women,"1,141",711,62.3,671,58.8,40,5.6,4.4 – 6.8
2020,20,10,Kansas,"Women, 16 to 24 years",176,118,67.3,105,59.9,13,11.1,7.1 – 15.1
2020,20,11,Kansas,"Women, 25 to 54 years",514,417,81.1,399,77.6,18,4.3,2.9 – 5.7
2020,20,12,Kansas,"Women, 55 years and over",452,176,38.9,167,37.0,9,4.9,2.6 – 7.2
2020,20,13,Kansas,White,"1,955","1,328",67.9,"1,253",64.1,75,5.6,4.7 – 6.5
2020,20,14,Kansas,"White, 16 to 24 years",294,197,66.8,174,59.0,23,11.6,8.4 – 14.8
2020,20,15,Kansas,"White, 25 to 54 years",906,790,87.3,755,83.4,35,4.5,3.5 – 5.5
2020,20,16,Kansas,"White, 55 years and over",755,341,45.2,324,43.0,17,4.9,3.3 – 6.5
2020,20,17,Kansas,Black or African American,123,76,61.6,70,57.0,6,7.6,3.5 – 11.7
2020,20,19,Kansas,"Black or African American, 25 to 54 years",61,48,77.8,44,71.9,4,7.7,2.6 – 12.8
2020,20,25,Kansas,Hispanic or Latino ethnicity,258,201,77.8,187,72.3,14,7.1,4.1 – 10.1
2020,20,27,Kansas,"Hispanic or Latino ethnicity, 25 to 54 years",149,130,87.5,123,82.7,7,5.5,2.1 – 8.9
2020,21,01,Kentucky,Total,"3,508","2,014",57.4,"1,879",53.6,134,6.7,5.6 – 7.8
2020,21,02,Kentucky,"Total, 16 to 24 years",492,255,51.9,219,44.4,37,14.3,10.0 – 18.6
2020,21,03,Kentucky,"Total, 25 to 54 years","1,652","1,285",77.8,"1,209",73.2,76,5.9,4.6 – 7.2
2020,21,04,Kentucky,"Total, 55 years and over","1,363",473,34.7,451,33.1,22,4.6,2.7 – 6.5
2020,21,05,Kentucky,Men,"1,691","1,079",63.8,"1,003",59.3,77,7.1,5.5 – 8.7
2020,21,06,Kentucky,"Men, 16 to 24 years",237,125,52.7,105,44.2,20,16.1,9.7 – 22.5
2020,21,07,Kentucky,"Men, 25 to 54 years",815,689,84.5,646,79.2,43,6.2,4.4 – 8.0
2020,21,08,Kentucky,"Men, 55 years and over",640,266,41.6,252,39.5,14,5.1,2.5 – 7.7
2020,21,09,Kentucky,Women,"1,816",934,51.4,877,48.3,58,6.2,4.6 – 7.8
2020,21,10,Kentucky,"Women, 16 to 24 years",256,131,51.1,114,44.6,16,12.6,7.0 – 18.2
2020,21,11,Kentucky,"Women, 25 to 54 years",837,597,71.3,564,67.4,33,5.5,3.7 – 7.3
2020,21,12,Kentucky,"Women, 55 years and over",724,207,28.6,199,27.5,8,3.9,1.3 – 6.5
2020,21,13,Kentucky,White,"3,101","1,758",56.7,"1,650",53.2,107,6.1,5.0 – 7.2
2020,21,14,Kentucky,"White, 16 to 24 years",415,216,52.0,186,44.9,30,13.7,9.1 – 18.3
2020,21,15,Kentucky,"White, 25 to 54 years","1,414","1,103",78.0,"1,045",73.9,57,5.2,3.9 – 6.5
2020,21,16,Kentucky,"White, 55 years and over","1,271",439,34.5,419,32.9,20,4.7,2.7 – 6.7
2020,21,17,Kentucky,Black or African American,271,168,62.1,148,54.8,20,11.8,7.7 – 15.9
2020,21,19,Kentucky,"Black or African American, 25 to 54 years",146,114,78.1,101,69.4,13,11.2,6.4 – 16.0
2020,21,25,Kentucky,Hispanic or Latino ethnicity,116,84,72.4,80,69.0,4,4.7,0.8 – 8.6
2020,22,01,Louisiana,Total,"3,581","2,080",58.1,"1,906",53.2,174,8.4,7.5 – 9.3
2020,22,02,Louisiana,"Total, 16 to 24 years",527,261,49.5,222,42.1,39,14.8,11.7 – 17.9
2020,22,03,Louisiana,"Total, 25 to 54 years","1,712","1,345",78.5,"1,242",72.5,103,7.6,6.6 – 8.6
2020,22,04,Louisiana,"Total, 55 years and over","1,342",475,35.4,442,32.9,33,6.9,5.2 – 8.6
2020,22,05,Louisiana,Men,"1,694","1,083",64.0,990,58.4,94,8.7,7.4 – 10.0
2020,22,06,Louisiana,"Men, 16 to 24 years",266,137,51.5,114,42.9,23,16.7,12.2 – 21.2
2020,22,07,Louisiana,"Men, 25 to 54 years",812,688,84.7,634,78.1,54,7.8,6.3 – 9.3
2020,22,08,Louisiana,"Men, 55 years and over",616,259,42.0,241,39.2,17,6.7,4.5 – 8.9
2020,22,09,Louisiana,Women,"1,887",997,52.8,917,48.6,80,8.0,6.8 – 9.2
2020,22,10,Louisiana,"Women, 16 to 24 years",261,124,47.4,108,41.4,16,12.7,8.4 – 17.0
2020,22,11,Louisiana,"Women, 25 to 54 years",900,657,73.0,608,67.5,49,7.5,6.0 – 9.0
2020,22,12,Louisiana,"Women, 55 years and over",726,216,29.8,201,27.7,16,7.2,4.7 – 9.7
2020,22,13,Louisiana,White,"2,306","1,347",58.4,"1,256",54.5,91,6.8,5.8 – 7.8
2020,22,14,Louisiana,"White, 16 to 24 years",312,158,50.9,140,44.8,19,11.9,8.2 – 15.6
2020,22,15,Louisiana,"White, 25 to 54 years","1,066",862,80.9,811,76.1,51,6.0,4.9 – 7.1
2020,22,16,Louisiana,"White, 55 years and over",929,327,35.1,306,32.9,21,6.4,4.5 – 8.3
2020,22,17,Louisiana,Black or African American,"1,120",646,57.7,572,51.0,74,11.5,9.7 – 13.3
2020,22,18,Louisiana,"Black or African American, 16 to 24 years",186,93,49.8,75,40.2,18,19.2,13.5 – 24.9
2020,22,19,Louisiana,"Black or African American, 25 to 54 years",563,418,74.1,372,66.0,46,11.0,8.9 – 13.1
2020,22,20,Louisiana,"Black or African American, 55 years and over",370,135,36.5,125,33.6,11,7.9,4.7 – 11.1
2020,22,21,Louisiana,Asian,74,44,59.1,41,54.8,3,7.2,3.5 – 10.9
2020,22,23,Louisiana,"Asian, 25 to 54 years",39,31,79.4,28,73.3,2,7.7,3.2 – 12.2
2020,22,25,Louisiana,Hispanic or Latino ethnicity,199,129,64.8,117,58.6,12,9.6,6.1 – 13.1
2020,22,27,Louisiana,"Hispanic or Latino ethnicity, 25 to 54 years",121,92,75.6,85,69.7,7,7.8,4.1 – 11.5
2020,23,01,Maine,Total,"1,118",681,60.9,643,57.5,38,5.5,4.5 – 6.5
2020,23,02,Maine,"Total, 16 to 24 years",136,85,62.8,76,56.0,9,10.8,6.9 – 14.7
2020,23,03,Maine,"Total, 25 to 54 years",467,387,82.9,368,78.8,19,4.9,3.6 – 6.2
2020,23,04,Maine,"Total, 55 years and over",515,208,40.4,199,38.6,9,4.5,2.8 – 6.2
2020,23,05,Maine,Men,542,351,64.7,331,61.1,19,5.5,4.1 – 6.9
2020,23,06,Maine,"Men, 16 to 24 years",69,43,61.9,38,55.3,5,10.8,5.3 – 16.3
2020,23,07,Maine,"Men, 25 to 54 years",231,200,86.5,190,82.0,10,5.2,3.4 – 7.0
2020,23,08,Maine,"Men, 55 years and over",242,108,44.6,104,42.8,4,4.0,1.8 – 6.2
2020,23,09,Maine,Women,576,330,57.3,312,54.2,18,5.5,4.0 – 7.0
2020,23,10,Maine,"Women, 16 to 24 years",67,43,63.6,38,56.7,5,10.8,5.3 – 16.3
2020,23,11,Maine,"Women, 25 to 54 years",236,187,79.3,178,75.7,9,4.6,2.8 – 6.4
2020,23,12,Maine,"Women, 55 years and over",273,100,36.8,95,34.9,5,5.1,2.6 – 7.6
2020,23,13,Maine,White,"1,060",648,61.1,613,57.8,35,5.4,4.4 – 6.4
2020,23,14,Maine,"White, 16 to 24 years",124,79,64.0,71,57.1,9,10.8,6.8 – 14.8
2020,23,15,Maine,"White, 25 to 54 years",443,369,83.2,352,79.4,17,4.5,3.2 – 5.8
2020,23,16,Maine,"White, 55 years and over",493,200,40.5,190,38.6,9,4.7,3.0 – 6.4
2020,24,01,Maryland,Total,"4,773","3,178",66.6,"2,966",62.1,212,6.7,5.8 – 7.6
2020,24,02,Maryland,"Total, 16 to 24 years",678,366,54.0,303,44.6,64,17.4,13.4 – 21.4
2020,24,03,Maryland,"Total, 25 to 54 years","2,337","1,950",83.5,"1,851",79.2,100,5.1,4.1 – 6.1
2020,24,04,Maryland,"Total, 55 years and over","1,758",861,49.0,813,46.2,48,5.6,4.0 – 7.2
2020,24,05,Maryland,Men,"2,258","1,615",71.5,"1,510",66.9,105,6.5,5.2 – 7.8
2020,24,06,Maryland,"Men, 16 to 24 years",334,180,54.0,150,45.0,30,16.6,11.0 – 22.2
2020,24,07,Maryland,"Men, 25 to 54 years","1,134","1,002",88.3,953,84.0,49,4.9,3.5 – 6.3
2020,24,08,Maryland,"Men, 55 years and over",791,433,54.8,407,51.5,26,6.0,3.7 – 8.3
2020,24,09,Maryland,Women,"2,515","1,563",62.1,"1,456",57.9,107,6.8,5.5 – 8.1
2020,24,10,Maryland,"Women, 16 to 24 years",345,186,54.1,152,44.2,34,18.2,12.5 – 23.9
2020,24,11,Maryland,"Women, 25 to 54 years","1,203",949,78.9,898,74.7,51,5.3,3.8 – 6.8
2020,24,12,Maryland,"Women, 55 years and over",968,428,44.2,405,41.9,22,5.2,3.0 – 7.4
2020,24,13,Maryland,White,"2,810","1,843",65.6,"1,740",61.9,103,5.6,4.5 – 6.7
2020,24,14,Maryland,"White, 16 to 24 years",334,192,57.4,169,50.5,23,12.1,7.4 – 16.8
2020,24,15,Maryland,"White, 25 to 54 years","1,330","1,107",83.2,"1,055",79.3,52,4.7,3.4 – 6.0
2020,24,16,Maryland,"White, 55 years and over","1,145",544,47.5,516,45.1,28,5.2,3.3 – 7.1
2020,24,17,Maryland,Black or African American,"1,458","1,002",68.8,921,63.2,82,8.1,6.4 – 9.8
2020,24,18,Maryland,"Black or African American, 16 to 24 years",242,130,53.5,105,43.2,25,19.3,12.6 – 26.0
2020,24,19,Maryland,"Black or African American, 25 to 54 years",751,633,84.2,592,78.8,41,6.4,4.5 – 8.3
2020,24,20,Maryland,"Black or African American, 55 years and over",465,240,51.7,224,48.3,16,6.6,3.5 – 9.7
2020,24,21,Maryland,Asian,384,246,64.0,227,59.2,19,7.6,4.5 – 10.7
2020,24,23,Maryland,"Asian, 25 to 54 years",200,163,81.8,159,79.5,5,2.8,0.5 – 5.1
2020,24,25,Maryland,Hispanic or Latino ethnicity,411,296,72.0,278,67.5,18,6.2,3.5 – 8.9
2020,24,27,Maryland,"Hispanic or Latino ethnicity, 25 to 54 years",275,218,79.3,207,75.4,11,4.9,2.1 – 7.7
2020,25,01,Massachusetts,Total,"5,648","3,664",64.9,"3,322",58.8,342,9.3,8.5 – 10.1
2020,25,02,Massachusetts,"Total, 16 to 24 years",797,413,51.9,347,43.5,67,16.2,13.1 – 19.3
2020,25,03,Massachusetts,"Total, 25 to 54 years","2,749","2,303",83.8,"2,117",77.0,186,8.1,7.1 – 9.1
2020,25,04,Massachusetts,"Total, 55 years and over","2,101",948,45.1,859,40.9,89,9.4,7.8 – 11.0
2020,25,05,Massachusetts,Men,"2,709","1,884",69.5,"1,717",63.4,167,8.8,7.7 – 9.9
2020,25,06,Massachusetts,"Men, 16 to 24 years",405,222,54.7,190,47.0,31,14.2,10.2 – 18.2
2020,25,07,Massachusetts,"Men, 25 to 54 years","1,354","1,182",87.3,"1,091",80.5,92,7.8,6.5 – 9.1
2020,25,08,Massachusetts,"Men, 55 years and over",950,480,50.5,436,46.0,43,9.0,6.8 – 11.2
2020,25,09,Massachusetts,Women,"2,939","1,780",60.6,"1,605",54.6,175,9.9,8.6 – 11.2
2020,25,10,Massachusetts,"Women, 16 to 24 years",393,192,48.9,156,39.9,35,18.4,13.6 – 23.2
2020,25,11,Massachusetts,"Women, 25 to 54 years","1,395","1,121",80.4,"1,026",73.6,94,8.4,7.0 – 9.8
2020,25,12,Massachusetts,"Women, 55 years and over","1,152",468,40.6,422,36.7,46,9.8,7.4 – 12.2
2020,25,13,Massachusetts,White,"4,496","2,901",64.5,"2,654",59.0,247,8.5,7.6 – 9.4
2020,25,14,Massachusetts,"White, 16 to 24 years",589,316,53.6,271,46.1,44,14.1,10.7 – 17.5
2020,25,15,Massachusetts,"White, 25 to 54 years","2,083","1,761",84.5,"1,628",78.2,133,7.5,6.4 – 8.6
2020,25,16,Massachusetts,"White, 55 years and over","1,824",825,45.2,754,41.4,70,8.5,6.8 – 10.2
2020,25,17,Massachusetts,Black or African American,485,324,66.7,284,58.5,39,12.2,9.2 – 15.2
2020,25,18,Massachusetts,"Black or African American, 16 to 24 years",83,42,51.4,34,40.7,9,20.7,10.6 – 30.8
2020,25,19,Massachusetts,"Black or African American, 25 to 54 years",273,225,82.6,203,74.4,22,9.9,6.7 – 13.1
2020,25,20,Massachusetts,"Black or African American, 55 years and over",130,56,43.0,48,36.6,8,14.9,7.2 – 22.6
2020,25,21,Massachusetts,Asian,452,305,67.5,277,61.3,28,9.1,6.4 – 11.8
2020,25,23,Massachusetts,"Asian, 25 to 54 years",287,227,79.1,210,73.0,18,7.7,4.9 – 10.5
2020,25,24,Massachusetts,"Asian, 55 years and over",97,50,51.4,44,45.5,6,11.5,4.3 – 18.7
2020,25,25,Massachusetts,Hispanic or Latino ethnicity,655,422,64.4,357,54.6,65,15.3,11.9 – 18.7
2020,25,26,Massachusetts,"Hispanic or Latino ethnicity, 16 to 24 years",133,72,54.3,57,43.3,15,20.2,11.1 – 29.3
2020,25,27,Massachusetts,"Hispanic or Latino ethnicity, 25 to 54 years",366,289,78.8,249,67.9,40,13.7,9.8 – 17.6
2020,25,28,Massachusetts,"Hispanic or Latino ethnicity, 55 years and over",156,61,39.4,51,32.8,10,16.8,7.7 – 25.9
2020,26,01,Michigan,Total,"7,995","4,852",60.7,"4,377",54.7,475,9.8,8.9 – 10.7
2020,26,02,Michigan,"Total, 16 to 24 years","1,125",655,58.2,528,46.9,127,19.4,16.3 – 22.5
2020,26,03,Michigan,"Total, 25 to 54 years","3,798","3,058",80.5,"2,810",74.0,247,8.1,7.1 – 9.1
2020,26,04,Michigan,"Total, 55 years and over","3,072","1,139",37.1,"1,039",33.8,100,8.8,7.1 – 10.5
2020,26,05,Michigan,Men,"3,883","2,536",65.3,"2,285",58.8,251,9.9,8.7 – 11.1
2020,26,06,Michigan,"Men, 16 to 24 years",571,338,59.2,271,47.4,68,20.0,15.6 – 24.4
2020,26,07,Michigan,"Men, 25 to 54 years","1,878","1,616",86.1,"1,482",78.9,134,8.3,6.9 – 9.7
2020,26,08,Michigan,"Men, 55 years and over","1,434",582,40.6,532,37.1,49,8.5,6.2 – 10.8
2020,26,09,Michigan,Women,"4,112","2,315",56.3,"2,092",50.9,223,9.6,8.3 – 10.9
2020,26,10,Michigan,"Women, 16 to 24 years",554,317,57.2,258,46.5,59,18.6,14.2 – 23.0
2020,26,11,Michigan,"Women, 25 to 54 years","1,920","1,441",75.0,"1,328",69.2,113,7.8,6.4 – 9.2
2020,26,12,Michigan,"Women, 55 years and over","1,637",557,34.0,506,30.9,51,9.2,6.8 – 11.6
2020,26,13,Michigan,White,"6,487","3,978",61.3,"3,643",56.2,335,8.4,7.5 – 9.3
2020,26,14,Michigan,"White, 16 to 24 years",872,528,60.5,445,51.0,82,15.6,12.4 – 18.8
2020,26,15,Michigan,"White, 25 to 54 years","2,979","2,457",82.5,"2,287",76.8,170,6.9,5.9 – 7.9
2020,26,16,Michigan,"White, 55 years and over","2,636",994,37.7,911,34.6,83,8.3,6.5 – 10.1
2020,26,17,Michigan,Black or African American,"1,063",599,56.3,484,45.6,115,19.1,16.0 – 22.2
2020,26,18,Michigan,"Black or African American, 16 to 24 years",173,92,52.9,56,32.4,36,38.7,29.3 – 48.1
2020,26,19,Michigan,"Black or African American, 25 to 54 years",558,405,72.6,341,61.0,65,15.9,12.5 – 19.3
2020,26,20,Michigan,"Black or African American, 55 years and over",332,102,30.8,88,26.4,15,14.3,7.9 – 20.7
2020,26,21,Michigan,Asian,275,175,63.6,163,59.2,12,6.9,2.7 – 11.1
2020,26,23,Michigan,"Asian, 25 to 54 years",181,136,75.2,129,71.0,8,5.6,1.3 – 9.9
2020,26,25,Michigan,Hispanic or Latino ethnicity,393,245,62.4,215,54.6,30,12.4,7.6 – 17.2
2020,26,27,Michigan,"Hispanic or Latino ethnicity, 25 to 54 years",241,179,74.5,161,66.7,19,10.4,5.3 – 15.5
2020,27,01,Minnesota,Total,"4,449","3,078",69.2,"2,896",65.1,182,5.9,5.1 – 6.7
2020,27,02,Minnesota,"Total, 16 to 24 years",598,377,63.1,338,56.6,39,10.4,7.4 – 13.4
2020,27,03,Minnesota,"Total, 25 to 54 years","2,216","1,947",87.9,"1,845",83.3,102,5.3,4.3 – 6.3
2020,27,04,Minnesota,"Total, 55 years and over","1,635",753,46.1,712,43.6,41,5.4,3.8 – 7.0
2020,27,05,Minnesota,Men,"2,201","1,603",72.8,"1,504",68.3,99,6.2,5.0 – 7.4
2020,27,06,Minnesota,"Men, 16 to 24 years",314,201,64.2,180,57.4,21,10.6,6.4 – 14.8
2020,27,07,Minnesota,"Men, 25 to 54 years","1,111","1,008",90.7,953,85.8,55,5.4,4.0 – 6.8
2020,27,08,Minnesota,"Men, 55 years and over",777,394,50.8,371,47.8,23,5.8,3.5 – 8.1
2020,27,09,Minnesota,Women,"2,247","1,475",65.6,"1,391",61.9,84,5.7,4.5 – 6.9
2020,27,10,Minnesota,"Women, 16 to 24 years",284,176,62.0,158,55.7,18,10.1,5.7 – 14.5
2020,27,11,Minnesota,"Women, 25 to 54 years","1,105",940,85.1,892,80.8,48,5.1,3.7 – 6.5
2020,27,12,Minnesota,"Women, 55 years and over",859,359,41.8,341,39.7,18,5.0,2.8 – 7.2
2020,27,13,Minnesota,White,"3,813","2,651",69.5,"2,503",65.6,149,5.6,4.7 – 6.5
2020,27,14,Minnesota,"White, 16 to 24 years",476,304,64.0,272,57.1,33,10.8,7.4 – 14.2
2020,27,15,Minnesota,"White, 25 to 54 years","1,831","1,641",89.6,"1,563",85.3,78,4.8,3.8 – 5.8
2020,27,16,Minnesota,"White, 55 years and over","1,506",706,46.8,668,44.4,37,5.3,3.7 – 6.9
2020,27,17,Minnesota,Black or African American,257,166,64.6,151,58.8,15,9.0,5.1 – 12.9
2020,27,19,Minnesota,"Black or African American, 25 to 54 years",151,122,80.6,111,73.3,11,9.1,4.6 – 13.6
2020,27,21,Minnesota,Asian,229,171,74.6,158,69.2,12,7.3,3.9 – 10.7
2020,27,23,Minnesota,"Asian, 25 to 54 years",147,129,87.6,120,81.5,9,7.0,3.2 – 10.8
2020,27,25,Minnesota,Hispanic or Latino ethnicity,222,169,76.2,157,70.6,12,7.3,4.0 – 10.6
2020,27,27,Minnesota,"Hispanic or Latino ethnicity, 25 to 54 years",138,118,85.6,111,80.4,7,6.1,2.5 – 9.7
2020,28,01,Mississippi,Total,"2,287","1,255",54.9,"1,153",50.4,102,8.1,7.0 – 9.2
2020,28,02,Mississippi,"Total, 16 to 24 years",350,158,45.1,132,37.9,25,16.1,12.0 – 20.2
2020,28,03,Mississippi,"Total, 25 to 54 years","1,087",828,76.2,763,70.2,65,7.8,6.5 – 9.1
2020,28,04,Mississippi,"Total, 55 years and over",850,269,31.7,258,30.3,12,4.4,2.6 – 6.2
2020,28,05,Mississippi,Men,"1,072",644,60.1,592,55.2,52,8.1,6.5 – 9.7
2020,28,06,Mississippi,"Men, 16 to 24 years",172,76,44.1,63,36.3,13,17.6,11.4 – 23.8
2020,28,07,Mississippi,"Men, 25 to 54 years",513,424,82.6,390,76.1,33,7.9,6.1 – 9.7
2020,28,08,Mississippi,"Men, 55 years and over",387,145,37.4,139,35.9,5,3.8,1.6 – 6.0
2020,28,09,Mississippi,Women,"1,214",611,50.3,561,46.2,50,8.1,6.5 – 9.7
2020,28,10,Mississippi,"Women, 16 to 24 years",177,82,46.1,70,39.4,12,14.6,9.1 – 20.1
2020,28,11,Mississippi,"Women, 25 to 54 years",574,405,70.5,373,65.0,32,7.8,5.9 – 9.7
2020,28,12,Mississippi,"Women, 55 years and over",463,125,26.9,118,25.6,6,5.0,2.2 – 7.8
2020,28,13,Mississippi,White,"1,402",783,55.8,735,52.5,47,6.0,4.8 – 7.2
2020,28,14,Mississippi,"White, 16 to 24 years",194,97,49.9,83,42.8,14,14.2,9.2 – 19.2
2020,28,15,Mississippi,"White, 25 to 54 years",624,494,79.1,468,74.9,26,5.3,3.9 – 6.7
2020,28,16,Mississippi,"White, 55 years and over",584,192,32.9,185,31.6,7,3.8,1.9 – 5.7
2020,28,17,Mississippi,Black or African American,835,446,53.4,393,47.1,53,11.8,9.6 – 14.0
2020,28,18,Mississippi,"Black or African American, 16 to 24 years",147,58,39.4,46,31.7,11,19.6,12.1 – 27.1
2020,28,19,Mississippi,"Black or African American, 25 to 54 years",436,316,72.4,278,63.8,37,11.9,9.3 – 14.5
2020,28,20,Mississippi,"Black or African American, 55 years and over",252,72,28.7,69,27.2,4,5.4,1.6 – 9.2
2020,28,25,Mississippi,Hispanic or Latino ethnicity,59,36,60.5,34,56.7,2,6.2,2.0 – 10.4
2020,29,01,Missouri,Total,"4,835","3,038",62.8,"2,852",59.0,186,6.1,5.3 – 6.9
2020,29,02,Missouri,"Total, 16 to 24 years",697,420,60.3,383,54.9,37,8.9,6.3 – 11.5
2020,29,03,Missouri,"Total, 25 to 54 years","2,266","1,897",83.7,"1,790",79.0,107,5.6,4.6 – 6.6
2020,29,04,Missouri,"Total, 55 years and over","1,872",721,38.5,679,36.3,42,5.8,4.2 – 7.4
2020,29,05,Missouri,Men,"2,330","1,560",66.9,"1,477",63.4,83,5.3,4.2 – 6.4
2020,29,06,Missouri,"Men, 16 to 24 years",369,217,59.0,197,53.5,20,9.3,5.6 – 13.0
2020,29,07,Missouri,"Men, 25 to 54 years","1,103",975,88.4,928,84.2,47,4.8,3.5 – 6.1
2020,29,08,Missouri,"Men, 55 years and over",858,367,42.8,352,41.0,15,4.2,2.2 – 6.2
2020,29,09,Missouri,Women,"2,505","1,478",59.0,"1,375",54.9,103,7.0,5.7 – 8.3
2020,29,10,Missouri,"Women, 16 to 24 years",328,203,61.7,186,56.5,17,8.4,4.7 – 12.1
2020,29,11,Missouri,"Women, 25 to 54 years","1,163",922,79.3,862,74.2,60,6.5,5.0 – 8.0
2020,29,12,Missouri,"Women, 55 years and over","1,014",354,34.9,327,32.3,26,7.5,4.9 – 10.1
2020,29,13,Missouri,White,"4,123","2,590",62.8,"2,444",59.3,146,5.6,4.7 – 6.5
2020,29,14,Missouri,"White, 16 to 24 years",585,367,62.8,335,57.2,33,8.9,6.1 – 11.7
2020,29,15,Missouri,"White, 25 to 54 years","1,879","1,584",84.3,"1,507",80.2,77,4.8,3.8 – 5.8
2020,29,16,Missouri,"White, 55 years and over","1,660",639,38.5,603,36.3,37,5.7,4.0 – 7.4
2020,29,17,Missouri,Black or African American,537,334,62.2,303,56.4,31,9.4,6.5 – 12.3
2020,29,19,Missouri,"Black or African American, 25 to 54 years",275,225,82.0,203,73.8,23,10.1,6.5 – 13.7
2020,29,25,Missouri,Hispanic or Latino ethnicity,227,173,76.2,161,70.9,12,7.0,3.3 – 10.7
2020,29,27,Missouri,"Hispanic or Latino ethnicity, 25 to 54 years",139,119,86.0,111,79.8,9,7.1,2.7 – 11.5
2020,30,01,Montana,Total,862,539,62.6,508,58.9,31,5.8,4.9 – 6.7
2020,30,02,Montana,"Total, 16 to 24 years",110,69,62.8,61,55.7,8,11.3,8.1 – 14.5
2020,30,03,Montana,"Total, 25 to 54 years",391,331,84.7,314,80.3,17,5.2,4.2 – 6.2
2020,30,04,Montana,"Total, 55 years and over",361,139,38.6,133,36.8,6,4.6,3.1 – 6.1
2020,30,05,Montana,Men,429,287,66.9,271,63.1,16,5.6,4.4 – 6.8
2020,30,06,Montana,"Men, 16 to 24 years",57,35,60.9,31,53.3,4,12.4,7.7 – 17.1
2020,30,07,Montana,"Men, 25 to 54 years",194,175,90.4,166,85.7,9,5.1,3.7 – 6.5
2020,30,08,Montana,"Men, 55 years and over",178,77,43.1,74,41.6,3,3.5,1.7 – 5.3
2020,30,09,Montana,Women,432,252,58.3,237,54.8,15,6.1,4.8 – 7.4
2020,30,10,Montana,"Women, 16 to 24 years",53,34,64.9,31,58.3,3,10.2,5.8 – 14.6
2020,30,11,Montana,"Women, 25 to 54 years",197,156,79.1,147,74.9,8,5.3,3.8 – 6.8
2020,30,12,Montana,"Women, 55 years and over",183,62,34.1,59,32.1,4,5.9,3.4 – 8.4
2020,30,13,Montana,White,799,502,62.7,474,59.3,28,5.5,4.6 – 6.4
2020,30,14,Montana,"White, 16 to 24 years",96,62,64.3,56,57.9,6,9.9,6.7 – 13.1
2020,30,15,Montana,"White, 25 to 54 years",358,307,85.6,291,81.3,15,5.0,3.9 – 6.1
2020,30,16,Montana,"White, 55 years and over",345,133,38.6,127,36.8,6,4.7,3.1 – 6.3
2020,31,01,Nebraska,Total,"1,487","1,042",70.1,997,67.0,46,4.4,3.7 – 5.1
2020,31,02,Nebraska,"Total, 16 to 24 years",213,131,61.5,119,56.0,12,9.0,6.1 – 11.9
2020,31,03,Nebraska,"Total, 25 to 54 years",746,653,87.5,630,84.5,23,3.5,2.7 – 4.3
2020,31,04,Nebraska,"Total, 55 years and over",527,258,49.0,247,46.9,11,4.3,2.8 – 5.8
2020,31,05,Nebraska,Men,735,554,75.4,528,71.9,25,4.6,3.6 – 5.6
2020,31,06,Nebraska,"Men, 16 to 24 years",108,70,64.4,62,57.5,7,10.6,6.4 – 14.8
2020,31,07,Nebraska,"Men, 25 to 54 years",374,344,92.0,332,88.9,12,3.4,2.3 – 4.5
2020,31,08,Nebraska,"Men, 55 years and over",253,140,55.5,134,53.0,6,4.5,2.5 – 6.5
2020,31,09,Nebraska,Women,752,489,65.0,468,62.3,20,4.2,3.1 – 5.3
2020,31,10,Nebraska,"Women, 16 to 24 years",105,61,58.6,57,54.4,4,7.1,3.3 – 10.9
2020,31,11,Nebraska,"Women, 25 to 54 years",372,309,83.0,298,80.0,11,3.6,2.4 – 4.8
2020,31,12,Nebraska,"Women, 55 years and over",275,118,43.0,113,41.2,5,4.1,2.0 – 6.2
2020,31,13,Nebraska,White,"1,334",939,70.4,903,67.7,37,3.9,3.2 – 4.6
2020,31,14,Nebraska,"White, 16 to 24 years",183,117,64.1,109,59.6,8,7.0,4.3 – 9.7
2020,31,15,Nebraska,"White, 25 to 54 years",664,588,88.5,569,85.6,19,3.3,2.5 – 4.1
2020,31,16,Nebraska,"White, 55 years and over",487,234,48.1,225,46.2,9,4.0,2.5 – 5.5
2020,31,17,Nebraska,Black or African American,72,53,73.3,49,69.0,3,5.9,2.3 – 9.5
2020,31,25,Nebraska,Hispanic or Latino ethnicity,134,101,75.3,94,70.4,7,6.5,3.7 – 9.3
2020,31,27,Nebraska,"Hispanic or Latino ethnicity, 25 to 54 years",83,68,82.3,66,79.1,3,3.9,1.2 – 6.6
2020,32,01,Nevada,Total,"2,481","1,536",61.9,"1,336",53.9,200,13.0,11.7 – 14.3
2020,32,02,Nevada,"Total, 16 to 24 years",326,180,55.1,140,42.8,40,22.3,17.9 – 26.7
2020,32,03,Nevada,"Total, 25 to 54 years","1,255","1,004",80.0,887,70.6,118,11.7,10.2 – 13.2
2020,32,04,Nevada,"Total, 55 years and over",899,352,39.1,310,34.4,42,11.9,9.4 – 14.4
2020,32,05,Nevada,Men,"1,228",833,67.9,726,59.2,107,12.8,11.1 – 14.5
2020,32,06,Nevada,"Men, 16 to 24 years",172,102,59.4,77,44.8,25,24.7,18.6 – 30.8
2020,32,07,Nevada,"Men, 25 to 54 years",617,538,87.2,481,78.0,56,10.5,8.6 – 12.4
2020,32,08,Nevada,"Men, 55 years and over",438,193,44.1,168,38.3,25,13.1,9.6 – 16.6
2020,32,09,Nevada,Women,"1,253",703,56.1,610,48.7,93,13.2,11.3 – 15.1
2020,32,10,Nevada,"Women, 16 to 24 years",154,78,50.4,63,40.7,15,19.2,12.8 – 25.6
2020,32,11,Nevada,"Women, 25 to 54 years",638,467,73.1,405,63.5,61,13.2,11.0 – 15.4
2020,32,12,Nevada,"Women, 55 years and over",461,159,34.4,142,30.8,17,10.5,7.0 – 14.0
2020,32,13,Nevada,White,"1,806","1,115",61.7,983,54.4,132,11.8,10.4 – 13.2
2020,32,14,Nevada,"White, 16 to 24 years",207,119,57.4,95,45.8,24,20.2,14.9 – 25.5
2020,32,15,Nevada,"White, 25 to 54 years",887,712,80.2,635,71.6,77,10.8,9.1 – 12.5
2020,32,16,Nevada,"White, 55 years and over",712,285,40.0,253,35.5,31,11.1,8.4 – 13.8
2020,32,17,Nevada,Black or African American,238,149,62.8,122,51.2,28,18.5,14.2 – 22.8
2020,32,18,Nevada,"Black or African American, 16 to 24 years",46,26,57.8,16,35.6,10,38.4,26.0 – 50.8
2020,32,19,Nevada,"Black or African American, 25 to 54 years",128,101,78.8,86,67.5,14,14.3,9.7 – 18.9
2020,32,20,Nevada,"Black or African American, 55 years and over",64,22,34.5,19,29.7,3,13.8,4.2 – 23.4
2020,32,21,Nevada,Asian,236,136,57.7,113,47.9,23,16.9,12.0 – 21.8
2020,32,23,Nevada,"Asian, 25 to 54 years",121,93,76.4,77,63.5,16,16.8,11.1 – 22.5
2020,32,24,Nevada,"Asian, 55 years and over",88,32,35.8,25,28.6,6,20.2,9.7 – 30.7
2020,32,25,Nevada,Hispanic or Latino ethnicity,597,421,70.6,357,59.8,64,15.2,12.6 – 17.8
2020,32,26,Nevada,"Hispanic or Latino ethnicity, 16 to 24 years",115,70,60.6,55,47.6,15,21.5,14.3 – 28.7
2020,32,27,Nevada,"Hispanic or Latino ethnicity, 25 to 54 years",360,297,82.5,258,71.7,39,13.1,10.3 – 15.9
2020,32,28,Nevada,"Hispanic or Latino ethnicity, 55 years and over",122,55,44.7,44,36.3,10,18.9,11.2 – 26.6
2020,33,01,New Hampshire,Total,"1,130",754,66.7,704,62.3,50,6.6,5.8 – 7.4
2020,33,02,New Hampshire,"Total, 16 to 24 years",147,93,63.3,81,55.2,12,12.8,9.7 – 15.9
2020,33,03,New Hampshire,"Total, 25 to 54 years",517,449,86.8,423,81.9,26,5.7,4.7 – 6.7
2020,33,04,New Hampshire,"Total, 55 years and over",466,212,45.5,200,42.9,12,5.7,4.3 – 7.1
2020,33,05,New Hampshire,Men,555,397,71.5,371,66.8,26,6.4,5.3 – 7.5
2020,33,06,New Hampshire,"Men, 16 to 24 years",72,46,64.0,40,55.1,6,13.9,9.4 – 18.4
2020,33,07,New Hampshire,"Men, 25 to 54 years",261,238,91.3,225,86.1,13,5.7,4.4 – 7.0
2020,33,08,New Hampshire,"Men, 55 years and over",222,112,50.6,107,48.0,6,5.1,3.3 – 6.9
2020,33,09,New Hampshire,Women,575,357,62.1,333,58.0,24,6.7,5.5 – 7.9
2020,33,10,New Hampshire,"Women, 16 to 24 years",75,47,62.6,42,55.3,6,11.8,7.6 – 16.0
2020,33,11,New Hampshire,"Women, 25 to 54 years",256,210,82.3,198,77.5,12,5.7,4.3 – 7.1
2020,33,12,New Hampshire,"Women, 55 years and over",244,100,40.9,93,38.3,6,6.3,4.1 – 8.5
2020,33,13,New Hampshire,White,"1,065",707,66.4,662,62.2,45,6.3,5.5 – 7.1
2020,33,14,New Hampshire,"White, 16 to 24 years",132,86,65.0,75,56.8,11,12.6,9.4 – 15.8
2020,33,15,New Hampshire,"White, 25 to 54 years",480,417,87.0,395,82.3,23,5.5,4.5 – 6.5
2020,33,16,New Hampshire,"White, 55 years and over",454,204,45.0,193,42.5,11,5.5,4.1 – 6.9
2020,33,21,New Hampshire,Asian,31,22,71.0,21,67.3,1,5.2,2.8 – 7.6
2020,33,25,New Hampshire,Hispanic or Latino ethnicity,41,30,71.6,25,60.8,4,15.0,8.6 – 21.4
2020,33,27,New Hampshire,"Hispanic or Latino ethnicity, 25 to 54 years",26,22,84.3,19,72.0,3,14.6,7.4 – 21.8
2020,34,01,New Jersey,Total,"7,077","4,511",63.7,"4,078",57.6,433,9.6,8.7 – 10.5
2020,34,02,New Jersey,"Total, 16 to 24 years",979,487,49.8,396,40.5,91,18.6,15.0 – 22.2
2020,34,03,New Jersey,"Total, 25 to 54 years","3,419","2,847",83.3,"2,615",76.5,231,8.1,7.0 – 9.2
2020,34,04,New Jersey,"Total, 55 years and over","2,680","1,177",43.9,"1,066",39.8,111,9.4,7.6 – 11.2
2020,34,05,New Jersey,Men,"3,410","2,402",70.4,"2,196",64.4,206,8.6,7.4 – 9.8
2020,34,06,New Jersey,"Men, 16 to 24 years",483,238,49.2,195,40.4,43,17.9,12.8 – 23.0
2020,34,07,New Jersey,"Men, 25 to 54 years","1,684","1,524",90.5,"1,417",84.2,107,7.0,5.6 – 8.4
2020,34,08,New Jersey,"Men, 55 years and over","1,244",641,51.5,584,47.0,56,8.8,6.5 – 11.1
2020,34,09,New Jersey,Women,"3,667","2,108",57.5,"1,881",51.3,227,10.8,9.3 – 12.3
2020,34,10,New Jersey,"Women, 16 to 24 years",496,250,50.3,201,40.6,48,19.3,14.1 – 24.5
2020,34,11,New Jersey,"Women, 25 to 54 years","1,735","1,322",76.2,"1,198",69.0,125,9.4,7.7 – 11.1
2020,34,12,New Jersey,"Women, 55 years and over","1,436",536,37.3,482,33.6,54,10.1,7.4 – 12.8
2020,34,13,New Jersey,White,"5,121","3,201",62.5,"2,913",56.9,287,9.0,7.9 – 10.1
2020,34,14,New Jersey,"White, 16 to 24 years",653,339,51.8,285,43.6,54,15.9,11.8 – 20.0
2020,34,15,New Jersey,"White, 25 to 54 years","2,346","1,955",83.3,"1,805",76.9,150,7.7,6.5 – 8.9
2020,34,16,New Jersey,"White, 55 years and over","2,121",907,42.8,824,38.8,83,9.2,7.2 – 11.2
2020,34,17,New Jersey,Black or African American,"1,017",677,66.5,586,57.6,91,13.4,10.8 – 16.0
2020,34,18,New Jersey,"Black or African American, 16 to 24 years",159,82,51.5,58,36.4,24,29.4,19.7 – 39.1
2020,34,19,New Jersey,"Black or African American, 25 to 54 years",529,440,83.3,393,74.3,48,10.8,7.9 – 13.7
2020,34,20,New Jersey,"Black or African American, 55 years and over",330,155,46.9,135,41.1,19,12.5,7.4 – 17.6
2020,34,21,New Jersey,Asian,845,573,67.8,527,62.3,46,8.1,6.0 – 10.2
2020,34,23,New Jersey,"Asian, 25 to 54 years",499,414,82.9,384,76.9,30,7.2,4.9 – 9.5
2020,34,24,New Jersey,"Asian, 55 years and over",215,108,50.0,101,46.8,7,6.4,2.1 – 10.7
2020,34,25,New Jersey,Hispanic or Latino ethnicity,"1,353",912,67.4,807,59.6,105,11.5,9.3 – 13.7
2020,34,26,New Jersey,"Hispanic or Latino ethnicity, 16 to 24 years",227,128,56.5,109,48.2,19,14.7,8.3 – 21.1
2020,34,27,New Jersey,"Hispanic or Latino ethnicity, 25 to 54 years",776,622,80.2,558,72.0,64,10.3,7.8 – 12.8
2020,34,28,New Jersey,"Hispanic or Latino ethnicity, 55 years and over",351,162,46.1,139,39.7,22,13.8,8.3 – 19.3
2020,35,01,New Mexico,Total,"1,653",929,56.2,849,51.3,80,8.6,7.5 – 9.7
2020,35,02,New Mexico,"Total, 16 to 24 years",241,117,48.5,97,40.4,20,16.8,12.8 – 20.8
2020,35,03,New Mexico,"Total, 25 to 54 years",747,578,77.3,531,71.1,47,8.1,6.8 – 9.4
2020,35,04,New Mexico,"Total, 55 years and over",665,234,35.2,220,33.1,14,5.9,4.1 – 7.7
2020,35,05,New Mexico,Men,801,500,62.4,455,56.8,45,9.0,7.5 – 10.5
2020,35,06,New Mexico,"Men, 16 to 24 years",119,58,48.8,47,39.8,11,18.4,12.6 – 24.2
2020,35,07,New Mexico,"Men, 25 to 54 years",374,320,85.5,292,78.0,28,8.8,7.0 – 10.6
2020,35,08,New Mexico,"Men, 55 years and over",308,122,39.6,116,37.6,6,5.1,2.8 – 7.4
2020,35,09,New Mexico,Women,852,429,50.3,394,46.2,35,8.2,6.6 – 9.8
2020,35,10,New Mexico,"Women, 16 to 24 years",123,59,48.3,50,40.9,9,15.3,9.9 – 20.7
2020,35,11,New Mexico,"Women, 25 to 54 years",373,258,69.1,240,64.2,19,7.2,5.4 – 9.0
2020,35,12,New Mexico,"Women, 55 years and over",356,112,31.4,104,29.3,8,6.7,4.0 – 9.4
2020,35,13,New Mexico,White,"1,360",766,56.3,707,52.0,59,7.8,6.7 – 8.9
2020,35,14,New Mexico,"White, 16 to 24 years",184,98,53.4,83,45.4,15,14.9,10.8 – 19.0
2020,35,15,New Mexico,"White, 25 to 54 years",596,465,78.1,432,72.5,33,7.1,5.7 – 8.5
2020,35,16,New Mexico,"White, 55 years and over",580,203,35.0,191,33.0,12,5.8,3.9 – 7.7
2020,35,17,New Mexico,Black or African American,38,23,60.2,19,50.7,4,15.8,8.6 – 23.0
2020,35,21,New Mexico,Asian,32,21,64.4,19,59.9,1,6.9,3.2 – 10.6
2020,35,25,New Mexico,Hispanic or Latino ethnicity,685,405,59.1,368,53.7,37,9.0,7.4 – 10.6
2020,35,26,New Mexico,"Hispanic or Latino ethnicity, 16 to 24 years",125,67,53.7,55,44.5,12,17.2,12.2 – 22.2
2020,35,27,New Mexico,"Hispanic or Latino ethnicity, 25 to 54 years",344,263,76.6,243,70.8,20,7.7,5.9 – 9.5
2020,35,28,New Mexico,"Hispanic or Latino ethnicity, 55 years and over",217,74,34.3,69,32.1,5,6.6,3.5 – 9.7
2020,36,01,New York,Total,"15,581","9,267",59.5,"8,349",53.6,918,9.9,9.3 – 10.5
2020,36,02,New York,"Total, 16 to 24 years","2,219","1,052",47.4,873,39.3,179,17.0,14.7 – 19.3
2020,36,03,New York,"Total, 25 to 54 years","7,451","5,950",79.9,"5,415",72.7,535,9.0,8.3 – 9.7
2020,36,04,New York,"Total, 55 years and over","5,911","2,265",38.3,"2,061",34.9,204,9.0,7.8 – 10.2
2020,36,05,New York,Men,"7,445","4,850",65.1,"4,361",58.6,490,10.1,9.2 – 11.0
2020,36,06,New York,"Men, 16 to 24 years","1,092",532,48.7,441,40.4,91,17.1,13.8 – 20.4
2020,36,07,New York,"Men, 25 to 54 years","3,645","3,136",86.1,"2,855",78.3,282,9.0,8.0 – 10.0
2020,36,08,New York,"Men, 55 years and over","2,708","1,182",43.7,"1,065",39.3,117,9.9,8.2 – 11.6
2020,36,09,New York,Women,"8,136","4,417",54.3,"3,988",49.0,428,9.7,8.8 – 10.6
2020,36,10,New York,"Women, 16 to 24 years","1,127",520,46.1,432,38.3,88,16.9,13.6 – 20.2
2020,36,11,New York,"Women, 25 to 54 years","3,806","2,813",73.9,"2,560",67.3,253,9.0,7.9 – 10.1
2020,36,12,New York,"Women, 55 years and over","3,202","1,083",33.8,996,31.1,87,8.1,6.4 – 9.8
2020,36,13,New York,White,"11,037","6,701",60.7,"6,090",55.2,611,9.1,8.4 – 9.8
2020,36,14,New York,"White, 16 to 24 years","1,470",738,50.2,613,41.7,125,17.0,14.2 – 19.8
2020,36,15,New York,"White, 25 to 54 years","5,061","4,177",82.5,"3,840",75.9,337,8.1,7.3 – 8.9
2020,36,16,New York,"White, 55 years and over","4,506","1,786",39.6,"1,636",36.3,149,8.4,7.1 – 9.7
2020,36,17,New York,Black or African American,"2,659","1,464",55.0,"1,287",48.4,176,12.0,10.3 – 13.7
2020,36,18,New York,"Black or African American, 16 to 24 years",474,190,40.1,150,31.8,40,20.8,14.9 – 26.7
2020,36,19,New York,"Black or African American, 25 to 54 years","1,314",974,74.2,868,66.0,107,11.0,9.0 – 13.0
2020,36,20,New York,"Black or African American, 55 years and over",872,299,34.3,269,30.9,30,10.1,6.6 – 13.6
2020,36,21,New York,Asian,"1,550",906,58.5,801,51.6,106,11.7,9.6 – 13.8
2020,36,22,New York,"Asian, 16 to 24 years",208,90,43.5,81,39.2,9,10.0,4.0 – 16.0
2020,36,23,New York,"Asian, 25 to 54 years",878,658,74.9,583,66.5,74,11.3,8.9 – 13.7
2020,36,24,New York,"Asian, 55 years and over",465,158,34.1,136,29.2,22,14.1,8.8 – 19.4
2020,36,25,New York,Hispanic or Latino ethnicity,"2,702","1,664",61.6,"1,426",52.8,237,14.3,12.4 – 16.2
2020,36,26,New York,"Hispanic or Latino ethnicity, 16 to 24 years",464,221,47.7,171,36.8,51,22.8,16.8 – 28.8
2020,36,27,New York,"Hispanic or Latino ethnicity, 25 to 54 years","1,515","1,167",77.0,"1,012",66.8,154,13.2,11.1 – 15.3
2020,36,28,New York,"Hispanic or Latino ethnicity, 55 years and over",723,276,38.1,243,33.6,32,11.8,7.6 – 16.0
2020,37,01,North Carolina,Total,"8,360","4,977",59.5,"4,623",55.3,354,7.1,6.3 – 7.9
2020,37,02,North Carolina,"Total, 16 to 24 years","1,129",591,52.3,513,45.4,78,13.1,10.1 – 16.1
2020,37,03,North Carolina,"Total, 25 to 54 years","4,034","3,246",80.5,"3,046",75.5,201,6.2,5.3 – 7.1
2020,37,04,North Carolina,"Total, 55 years and over","3,197","1,140",35.7,"1,065",33.3,76,6.6,5.0 – 8.2
2020,37,05,North Carolina,Men,"3,962","2,595",65.5,"2,420",61.1,175,6.7,5.6 – 7.8
2020,37,06,North Carolina,"Men, 16 to 24 years",555,285,51.3,248,44.6,37,13.0,8.7 – 17.3
2020,37,07,North Carolina,"Men, 25 to 54 years","1,964","1,724",87.8,"1,621",82.5,104,6.0,4.8 – 7.2
2020,37,08,North Carolina,"Men, 55 years and over","1,443",586,40.6,552,38.3,34,5.8,3.7 – 7.9
2020,37,09,North Carolina,Women,"4,398","2,382",54.2,"2,203",50.1,179,7.5,6.3 – 8.7
2020,37,10,North Carolina,"Women, 16 to 24 years",573,306,53.3,265,46.3,40,13.2,9.0 – 17.4
2020,37,11,North Carolina,"Women, 25 to 54 years","2,070","1,522",73.5,"1,425",68.8,97,6.4,5.0 – 7.8
2020,37,12,North Carolina,"Women, 55 years and over","1,754",554,31.6,512,29.2,42,7.5,5.1 – 9.9
2020,37,13,North Carolina,White,"5,886","3,493",59.4,"3,268",55.5,225,6.4,5.5 – 7.3
2020,37,14,North Carolina,"White, 16 to 24 years",742,398,53.7,352,47.4,46,11.7,8.2 – 15.2
2020,37,15,North Carolina,"White, 25 to 54 years","2,747","2,226",81.0,"2,102",76.5,124,5.6,4.5 – 6.7
2020,37,16,North Carolina,"White, 55 years and over","2,397",869,36.3,814,34.0,55,6.3,4.5 – 8.1
2020,37,17,North Carolina,Black or African American,"1,807","1,060",58.7,958,53.0,102,9.6,7.6 – 11.6
2020,37,18,North Carolina,"Black or African American, 16 to 24 years",276,136,49.5,116,41.9,21,15.2,8.4 – 22.0
2020,37,19,North Carolina,"Black or African American, 25 to 54 years",906,719,79.3,651,71.8,68,9.4,7.0 – 11.8
2020,37,20,North Carolina,"Black or African American, 55 years and over",625,205,32.8,192,30.6,13,6.5,2.7 – 10.3
2020,37,21,North Carolina,Asian,280,212,75.7,202,72.1,10,4.7,1.9 – 7.5
2020,37,23,North Carolina,"Asian, 25 to 54 years",193,160,83.0,155,80.6,5,2.8,0.3 – 5.3
2020,37,25,North Carolina,Hispanic or Latino ethnicity,824,563,68.3,514,62.4,48,8.6,6.0 – 11.2
2020,37,26,North Carolina,"Hispanic or Latino ethnicity, 16 to 24 years",194,94,48.6,78,40.0,17,17.6,8.9 – 26.3
2020,37,27,North Carolina,"Hispanic or Latino ethnicity, 25 to 54 years",498,396,79.5,373,74.8,24,5.9,3.3 – 8.5
2020,38,01,North Dakota,Total,585,403,68.8,383,65.4,20,5.0,4.3 – 5.7
2020,38,02,North Dakota,"Total, 16 to 24 years",86,56,65.2,51,59.6,5,8.5,6.0 – 11.0
2020,38,03,North Dakota,"Total, 25 to 54 years",289,254,87.7,243,84.0,11,4.2,3.3 – 5.1
2020,38,04,North Dakota,"Total, 55 years and over",210,93,44.2,88,42.0,5,4.9,3.4 – 6.4
2020,38,05,North Dakota,Men,297,217,72.9,205,68.9,12,5.5,4.4 – 6.6
2020,38,06,North Dakota,"Men, 16 to 24 years",45,30,67.6,28,61.6,3,8.9,5.4 – 12.4
2020,38,07,North Dakota,"Men, 25 to 54 years",150,136,90.9,130,86.6,6,4.7,3.5 – 5.9
2020,38,08,North Dakota,"Men, 55 years and over",103,50,48.9,48,46.3,3,5.3,3.2 – 7.4
2020,38,09,North Dakota,Women,288,186,64.5,178,61.7,8,4.4,3.4 – 5.4
2020,38,10,North Dakota,"Women, 16 to 24 years",41,26,62.5,24,57.5,2,8.1,4.5 – 11.7
2020,38,11,North Dakota,"Women, 25 to 54 years",140,118,84.2,113,81.2,4,3.6,2.4 – 4.8
2020,38,12,North Dakota,"Women, 55 years and over",107,43,39.7,41,37.9,2,4.5,2.4 – 6.6
2020,38,13,North Dakota,White,520,361,69.4,345,66.4,16,4.4,3.7 – 5.1
2020,38,14,North Dakota,"White, 16 to 24 years",70,48,68.7,44,63.2,4,8.0,5.3 – 10.7
2020,38,15,North Dakota,"White, 25 to 54 years",251,225,89.6,217,86.3,8,3.6,2.8 – 4.4
2020,38,16,North Dakota,"White, 55 years and over",199,88,44.3,84,42.3,4,4.5,3.0 – 6.0
2020,38,25,North Dakota,Hispanic or Latino ethnicity,17,14,78.5,13,72.4,1,7.7,2.3 – 13.1
2020,39,01,Ohio,Total,"9,258","5,723",61.8,"5,246",56.7,477,8.3,7.5 – 9.1
2020,39,02,Ohio,"Total, 16 to 24 years","1,384",842,60.8,698,50.4,143,17.0,14.3 – 19.7
2020,39,03,Ohio,"Total, 25 to 54 years","4,179","3,457",82.7,"3,208",76.8,249,7.2,6.3 – 8.1
2020,39,04,Ohio,"Total, 55 years and over","3,694","1,425",38.6,"1,341",36.3,84,5.9,4.6 – 7.2
2020,39,05,Ohio,Men,"4,473","2,985",66.7,"2,724",60.9,262,8.8,7.7 – 9.9
2020,39,06,Ohio,"Men, 16 to 24 years",701,408,58.2,331,47.1,77,18.9,14.8 – 23.0
2020,39,07,Ohio,"Men, 25 to 54 years","2,070","1,823",88.1,"1,677",81.0,146,8.0,6.7 – 9.3
2020,39,08,Ohio,"Men, 55 years and over","1,702",754,44.3,716,42.1,38,5.0,3.3 – 6.7
2020,39,09,Ohio,Women,"4,784","2,738",57.2,"2,523",52.7,215,7.9,6.8 – 9.0
2020,39,10,Ohio,"Women, 16 to 24 years",683,434,63.5,368,53.8,66,15.3,11.6 – 19.0
2020,39,11,Ohio,"Women, 25 to 54 years","2,109","1,633",77.4,"1,531",72.6,103,6.3,5.0 – 7.6
2020,39,12,Ohio,"Women, 55 years and over","1,992",671,33.7,624,31.3,46,6.9,4.8 – 9.0
2020,39,13,Ohio,White,"7,664","4,745",61.9,"4,409",57.5,336,7.1,6.3 – 7.9
2020,39,14,Ohio,"White, 16 to 24 years","1,076",676,62.9,587,54.5,90,13.2,10.4 – 16.0
2020,39,15,Ohio,"White, 25 to 54 years","3,359","2,813",83.7,"2,634",78.4,179,6.4,5.4 – 7.4
2020,39,16,Ohio,"White, 55 years and over","3,230","1,256",38.9,"1,189",36.8,67,5.4,4.1 – 6.7
2020,39,17,Ohio,Black or African American,"1,133",682,60.2,576,50.9,106,15.5,12.3 – 18.7
2020,39,18,Ohio,"Black or African American, 16 to 24 years",195,109,56.1,71,36.5,38,35.0,25.0 – 45.0
2020,39,19,Ohio,"Black or African American, 25 to 54 years",568,439,77.2,384,67.6,54,12.4,8.9 – 15.9
2020,39,20,Ohio,"Black or African American, 55 years and over",370,134,36.2,121,32.7,13,9.6,4.0 – 15.2
2020,39,21,Ohio,Asian,210,142,67.4,130,61.7,12,8.5,4.7 – 12.3
2020,39,23,Ohio,"Asian, 25 to 54 years",133,109,81.9,102,76.5,7,6.6,2.7 – 10.5
2020,39,25,Ohio,Hispanic or Latino ethnicity,381,259,67.9,224,58.9,34,13.2,8.2 – 18.2
2020,39,27,Ohio,"Hispanic or Latino ethnicity, 25 to 54 years",212,164,77.5,145,68.4,19,11.8,5.9 – 17.7
2020,40,01,Oklahoma,Total,"3,053","1,850",60.6,"1,736",56.9,114,6.2,5.3 – 7.1
2020,40,02,Oklahoma,"Total, 16 to 24 years",444,241,54.1,218,49.1,22,9.2,6.2 – 12.2
2020,40,03,Oklahoma,"Total, 25 to 54 years","1,508","1,186",78.6,"1,111",73.7,74,6.2,5.1 – 7.3
2020,40,04,Oklahoma,"Total, 55 years and over","1,101",424,38.5,407,36.9,18,4.1,2.6 – 5.6
2020,40,05,Oklahoma,Men,"1,478","1,010",68.4,954,64.5,57,5.6,4.4 – 6.8
2020,40,06,Oklahoma,"Men, 16 to 24 years",230,133,57.6,121,52.4,12,9.0,5.1 – 12.9
2020,40,07,Oklahoma,"Men, 25 to 54 years",751,658,87.6,620,82.5,38,5.8,4.4 – 7.2
2020,40,08,Oklahoma,"Men, 55 years and over",497,219,44.2,213,42.9,6,2.9,1.1 – 4.7
2020,40,09,Oklahoma,Women,"1,575",840,53.3,783,49.7,57,6.8,5.4 – 8.2
2020,40,10,Oklahoma,"Women, 16 to 24 years",214,108,50.4,98,45.6,10,9.5,5.0 – 14.0
2020,40,11,Oklahoma,"Women, 25 to 54 years",757,527,69.7,491,65.0,36,6.8,5.1 – 8.5
2020,40,12,Oklahoma,"Women, 55 years and over",604,205,33.9,194,32.0,11,5.4,2.9 – 7.9
2020,40,13,Oklahoma,White,"2,322","1,399",60.2,"1,326",57.1,73,5.2,4.2 – 6.2
2020,40,14,Oklahoma,"White, 16 to 24 years",302,161,53.4,148,49.1,13,8.1,4.7 – 11.5
2020,40,15,Oklahoma,"White, 25 to 54 years","1,116",885,79.3,837,75.0,48,5.4,4.2 – 6.6
2020,40,16,Oklahoma,"White, 55 years and over",904,352,38.9,340,37.6,12,3.4,1.9 – 4.9
2020,40,17,Oklahoma,Black or African American,218,138,63.5,125,57.1,14,10.0,5.9 – 14.1
2020,40,19,Oklahoma,"Black or African American, 25 to 54 years",114,90,78.7,79,69.5,11,11.7,6.4 – 17.0
2020,40,25,Oklahoma,Hispanic or Latino ethnicity,354,233,66.0,213,60.3,20,8.6,6.0 – 11.2
2020,40,27,Oklahoma,"Hispanic or Latino ethnicity, 25 to 54 years",214,167,78.1,153,71.3,15,8.7,5.6 – 11.8
2020,41,01,Oregon,Total,"3,441","2,117",61.5,"1,952",56.7,165,7.8,6.9 – 8.7
2020,41,02,Oregon,"Total, 16 to 24 years",481,292,60.6,247,51.4,44,15.2,12.1 – 18.3
2020,41,03,Oregon,"Total, 25 to 54 years","1,660","1,361",82.0,"1,272",76.6,89,6.5,5.5 – 7.5
2020,41,04,Oregon,"Total, 55 years and over","1,300",465,35.7,433,33.3,32,6.8,5.1 – 8.5
2020,41,05,Oregon,Men,"1,681","1,122",66.8,"1,038",61.8,84,7.5,6.3 – 8.7
2020,41,06,Oregon,"Men, 16 to 24 years",237,146,61.6,124,52.2,22,15.3,10.9 – 19.7
2020,41,07,Oregon,"Men, 25 to 54 years",834,725,87.0,680,81.6,45,6.2,4.9 – 7.5
2020,41,08,Oregon,"Men, 55 years and over",610,251,41.2,235,38.5,17,6.6,4.3 – 8.9
2020,41,09,Oregon,Women,"1,760",995,56.5,914,51.9,81,8.2,6.9 – 9.5
2020,41,10,Oregon,"Women, 16 to 24 years",244,146,59.8,124,50.7,22,15.1,10.7 – 19.5
2020,41,11,Oregon,"Women, 25 to 54 years",826,636,77.0,592,71.7,44,6.9,5.4 – 8.4
2020,41,12,Oregon,"Women, 55 years and over",690,214,30.9,198,28.7,15,7.2,4.6 – 9.8
2020,41,13,Oregon,White,"2,993","1,822",60.9,"1,679",56.1,143,7.9,7.0 – 8.8
2020,41,14,Oregon,"White, 16 to 24 years",370,230,62.2,190,51.2,41,17.7,14.0 – 21.4
2020,41,15,Oregon,"White, 25 to 54 years","1,411","1,163",82.4,"1,090",77.2,73,6.3,5.3 – 7.3
2020,41,16,Oregon,"White, 55 years and over","1,212",429,35.4,400,33.0,30,6.9,5.1 – 8.7
2020,41,17,Oregon,Black or African American,65,45,70.0,42,65.5,3,6.5,1.2 – 11.8
2020,41,21,Oregon,Asian,172,111,64.3,103,59.7,8,7.1,3.8 – 10.4
2020,41,23,Oregon,"Asian, 25 to 54 years",103,82,79.6,78,75.1,5,5.6,2.2 – 9.0
2020,41,25,Oregon,Hispanic or Latino ethnicity,360,242,67.1,220,61.1,22,8.9,5.9 – 11.9
2020,41,26,Oregon,"Hispanic or Latino ethnicity, 16 to 24 years",93,57,60.7,46,48.7,11,19.7,11.2 – 28.2
2020,41,27,Oregon,"Hispanic or Latino ethnicity, 25 to 54 years",205,158,77.3,149,72.7,9,5.9,2.9 – 8.9
2020,42,01,Pennsylvania,Total,"10,278","6,386",62.1,"5,810",56.5,577,9.0,8.2 – 9.8
2020,42,02,Pennsylvania,"Total, 16 to 24 years","1,474",903,61.3,770,52.3,133,14.7,12.3 – 17.1
2020,42,03,Pennsylvania,"Total, 25 to 54 years","4,533","3,780",83.4,"3,481",76.8,299,7.9,7.0 – 8.8
2020,42,04,Pennsylvania,"Total, 55 years and over","4,271","1,703",39.9,"1,558",36.5,145,8.5,7.1 – 9.9
2020,42,05,Pennsylvania,Men,"4,962","3,319",66.9,"3,026",61.0,292,8.8,7.8 – 9.8
2020,42,06,Pennsylvania,"Men, 16 to 24 years",715,422,59.1,352,49.2,71,16.7,12.9 – 20.5
2020,42,07,Pennsylvania,"Men, 25 to 54 years","2,266","2,000",88.3,"1,847",81.5,153,7.6,6.4 – 8.8
2020,42,08,Pennsylvania,"Men, 55 years and over","1,981",897,45.2,828,41.8,69,7.7,5.9 – 9.5
2020,42,09,Pennsylvania,Women,"5,315","3,068",57.7,"2,783",52.4,284,9.3,8.2 – 10.4
2020,42,10,Pennsylvania,"Women, 16 to 24 years",758,481,63.4,419,55.2,62,12.9,9.7 – 16.1
2020,42,11,Pennsylvania,"Women, 25 to 54 years","2,267","1,780",78.5,"1,634",72.1,146,8.2,6.9 – 9.5
2020,42,12,Pennsylvania,"Women, 55 years and over","2,290",807,35.2,731,31.9,76,9.4,7.3 – 11.5
2020,42,13,Pennsylvania,White,"8,545","5,327",62.3,"4,913",57.5,414,7.8,7.0 – 8.6
2020,42,14,Pennsylvania,"White, 16 to 24 years","1,130",711,63.0,625,55.4,86,12.1,9.6 – 14.6
2020,42,15,Pennsylvania,"White, 25 to 54 years","3,665","3,097",84.5,"2,888",78.8,209,6.7,5.8 – 7.6
2020,42,16,Pennsylvania,"White, 55 years and over","3,750","1,519",40.5,"1,399",37.3,119,7.9,6.5 – 9.3
2020,42,17,Pennsylvania,Black or African American,"1,140",672,59.0,557,48.9,115,17.2,14.0 – 20.4
2020,42,18,Pennsylvania,"Black or African American, 16 to 24 years",213,119,55.8,86,40.6,32,27.3,18.6 – 36.0
2020,42,19,Pennsylvania,"Black or African American, 25 to 54 years",529,416,78.7,352,66.6,64,15.4,11.6 – 19.2
2020,42,20,Pennsylvania,"Black or African American, 55 years and over",398,137,34.5,118,29.7,19,13.8,7.5 – 20.1
2020,42,21,Pennsylvania,Asian,350,235,67.3,211,60.4,24,10.2,6.4 – 14.0
2020,42,23,Pennsylvania,"Asian, 25 to 54 years",221,179,81.0,162,73.3,17,9.5,5.3 – 13.7
2020,42,25,Pennsylvania,Hispanic or Latino ethnicity,658,445,67.6,381,57.9,64,14.4,10.6 – 18.2
2020,42,26,Pennsylvania,"Hispanic or Latino ethnicity, 16 to 24 years",158,97,61.4,81,51.1,16,16.8,8.3 – 25.3
2020,42,27,Pennsylvania,"Hispanic or Latino ethnicity, 25 to 54 years",372,299,80.6,258,69.4,42,13.9,9.4 – 18.4
2020,44,01,Rhode Island,Total,864,547,63.4,496,57.4,51,9.3,8.1 – 10.5
2020,44,02,Rhode Island,"Total, 16 to 24 years",119,69,58.1,57,47.7,12,17.9,13.7 – 22.1
2020,44,03,Rhode Island,"Total, 25 to 54 years",407,336,82.4,308,75.7,28,8.2,6.8 – 9.6
2020,44,04,Rhode Island,"Total, 55 years and over",337,142,42.2,131,38.9,11,7.9,5.8 – 10.0
2020,44,05,Rhode Island,Men,414,287,69.4,261,63.1,26,9.1,7.5 – 10.7
2020,44,06,Rhode Island,"Men, 16 to 24 years",61,37,59.9,30,48.6,7,18.8,12.9 – 24.7
2020,44,07,Rhode Island,"Men, 25 to 54 years",201,178,88.4,164,81.3,14,8.0,6.1 – 9.9
2020,44,08,Rhode Island,"Men, 55 years and over",152,73,48.0,68,44.8,5,6.6,3.9 – 9.3
2020,44,09,Rhode Island,Women,450,260,57.8,235,52.3,25,9.6,7.9 – 11.3
2020,44,10,Rhode Island,"Women, 16 to 24 years",58,33,56.2,27,46.7,6,16.8,10.8 – 22.8
2020,44,11,Rhode Island,"Women, 25 to 54 years",206,158,76.6,145,70.2,13,8.4,6.4 – 10.4
2020,44,12,Rhode Island,"Women, 55 years and over",185,69,37.5,63,34.0,6,9.1,5.9 – 12.3
2020,44,13,Rhode Island,White,744,470,63.1,429,57.7,41,8.6,7.4 – 9.8
2020,44,14,Rhode Island,"White, 16 to 24 years",96,55,57.8,47,48.9,8,15.3,10.9 – 19.7
2020,44,15,Rhode Island,"White, 25 to 54 years",340,285,83.6,263,77.2,22,7.6,6.2 – 9.0
2020,44,16,Rhode Island,"White, 55 years and over",308,130,42.2,120,38.9,10,8.0,5.8 – 10.2
2020,44,17,Rhode Island,Black or African American,62,40,65.2,36,59.1,4,9.4,4.4 – 14.4
2020,44,19,Rhode Island,"Black or African American, 25 to 54 years",35,28,79.7,26,73.8,2,7.4,2.1 – 12.7
2020,44,21,Rhode Island,Asian,25,17,68.2,16,61.4,2,9.9,3.7 – 16.1
2020,44,23,Rhode Island,"Asian, 25 to 54 years",16,12,77.7,11,70.9,1,8.8,1.9 – 15.7
2020,44,25,Rhode Island,Hispanic or Latino ethnicity,120,75,62.4,64,53.0,11,15.2,10.8 – 19.6
2020,44,26,Rhode Island,"Hispanic or Latino ethnicity, 16 to 24 years",26,13,49.6,9,36.3,3,26.8,14.1 – 39.5
2020,44,27,Rhode Island,"Hispanic or Latino ethnicity, 25 to 54 years",70,53,76.0,46,66.3,7,12.9,8.2 – 17.6
2020,45,01,South Carolina,Total,"4,131","2,385",57.7,"2,236",54.1,148,6.2,5.4 – 7.0
2020,45,02,South Carolina,"Total, 16 to 24 years",599,293,49.0,253,42.3,40,13.6,10.3 – 16.9
2020,45,03,South Carolina,"Total, 25 to 54 years","1,918","1,553",81.0,"1,481",77.2,73,4.7,3.8 – 5.6
2020,45,04,South Carolina,"Total, 55 years and over","1,615",538,33.3,503,31.1,36,6.6,4.8 – 8.4
2020,45,05,South Carolina,Men,"1,950","1,220",62.5,"1,153",59.1,66,5.4,4.3 – 6.5
2020,45,06,South Carolina,"Men, 16 to 24 years",293,141,48.1,121,41.4,20,14.0,9.2 – 18.8
2020,45,07,South Carolina,"Men, 25 to 54 years",921,798,86.6,768,83.4,30,3.8,2.7 – 4.9
2020,45,08,South Carolina,"Men, 55 years and over",736,281,38.1,264,35.9,16,5.8,3.5 – 8.1
2020,45,09,South Carolina,Women,"2,180","1,165",53.4,"1,083",49.7,82,7.0,5.8 – 8.2
2020,45,10,South Carolina,"Women, 16 to 24 years",305,152,49.8,132,43.2,20,13.3,8.8 – 17.8
2020,45,11,South Carolina,"Women, 25 to 54 years",997,756,75.8,713,71.5,43,5.6,4.2 – 7.0
2020,45,12,South Carolina,"Women, 55 years and over",878,258,29.3,238,27.1,19,7.5,4.8 – 10.2
2020,45,13,South Carolina,White,"2,939","1,703",58.0,"1,615",55.0,88,5.2,4.3 – 6.1
2020,45,14,South Carolina,"White, 16 to 24 years",408,208,50.9,182,44.8,25,12.1,8.4 – 15.8
2020,45,15,South Carolina,"White, 25 to 54 years","1,321","1,090",82.5,"1,048",79.3,42,3.9,2.9 – 4.9
2020,45,16,South Carolina,"White, 55 years and over","1,210",405,33.5,384,31.8,21,5.2,3.4 – 7.0
2020,45,17,South Carolina,Black or African American,"1,064",596,56.0,542,50.9,54,9.1,7.3 – 10.9
2020,45,18,South Carolina,"Black or African American, 16 to 24 years",172,77,44.7,63,36.8,14,17.6,10.9 – 24.3
2020,45,19,South Carolina,"Black or African American, 25 to 54 years",516,399,77.3,371,72.0,27,6.8,4.9 – 8.7
2020,45,20,South Carolina,"Black or African American, 55 years and over",377,121,32.0,107,28.4,13,11.2,6.8 – 15.6
2020,45,25,South Carolina,Hispanic or Latino ethnicity,216,143,66.2,134,62.1,9,6.1,2.8 – 9.4
2020,45,27,South Carolina,"Hispanic or Latino ethnicity, 25 to 54 years",132,108,81.7,102,77.7,5,4.8,1.5 – 8.1
2020,46,01,South Dakota,Total,680,468,68.9,447,65.7,21,4.5,3.5 – 5.5
2020,46,02,South Dakota,"Total, 16 to 24 years",100,64,64.6,58,58.3,6,9.8,5.9 – 13.7
2020,46,03,South Dakota,"Total, 25 to 54 years",316,274,86.7,263,83.2,11,4.0,2.8 – 5.2
2020,46,04,South Dakota,"Total, 55 years and over",264,130,49.2,126,47.6,4,3.2,1.6 – 4.8
2020,46,05,South Dakota,Men,339,250,73.5,239,70.5,10,4.1,2.8 – 5.4
2020,46,07,South Dakota,"Men, 25 to 54 years",164,149,90.7,143,87.0,6,4.1,2.4 – 5.8
2020,46,08,South Dakota,"Men, 55 years and over",126,70,55.6,69,54.4,1,2.1,0.3 – 3.9
2020,46,09,South Dakota,Women,341,219,64.2,208,61.0,11,5.0,3.4 – 6.6
2020,46,10,South Dakota,"Women, 16 to 24 years",51,34,67.1,30,60.0,4,10.6,5.1 – 16.1
2020,46,11,South Dakota,"Women, 25 to 54 years",152,125,82.3,120,79.1,5,3.8,2.0 – 5.6
2020,46,12,South Dakota,"Women, 55 years and over",138,60,43.3,57,41.4,3,4.4,1.6 – 7.2
2020,46,13,South Dakota,White,597,415,69.5,401,67.1,14,3.4,2.5 – 4.3
2020,46,14,South Dakota,"White, 16 to 24 years",80,54,66.7,50,61.9,4,7.2,3.5 – 10.9
2020,46,15,South Dakota,"White, 25 to 54 years",272,241,88.7,234,86.2,7,2.8,1.7 – 3.9
2020,46,16,South Dakota,"White, 55 years and over",245,121,49.2,117,47.7,4,3.0,1.4 – 4.6
2020,47,01,Tennessee,Total,"5,438","3,293",60.6,"3,040",55.9,253,7.7,6.8 – 8.6
2020,47,02,Tennessee,"Total, 16 to 24 years",796,455,57.2,388,48.7,68,14.8,11.6 – 18.0
2020,47,03,Tennessee,"Total, 25 to 54 years","2,562","2,074",80.9,"1,935",75.5,139,6.7,5.6 – 7.8
2020,47,04,Tennessee,"Total, 55 years and over","2,079",764,36.7,718,34.5,46,6.1,4.4 – 7.8
2020,47,05,Tennessee,Men,"2,597","1,740",67.0,"1,601",61.7,139,8.0,6.7 – 9.3
2020,47,06,Tennessee,"Men, 16 to 24 years",372,217,58.3,180,48.5,36,16.8,11.9 – 21.7
2020,47,07,Tennessee,"Men, 25 to 54 years","1,272","1,111",87.4,"1,031",81.0,80,7.2,5.7 – 8.7
2020,47,08,Tennessee,"Men, 55 years and over",954,412,43.2,390,40.9,22,5.3,3.2 – 7.4
2020,47,09,Tennessee,Women,"2,841","1,553",54.7,"1,439",50.7,114,7.4,6.1 – 8.7
2020,47,10,Tennessee,"Women, 16 to 24 years",424,238,56.1,207,48.8,31,13.0,8.8 – 17.2
2020,47,11,Tennessee,"Women, 25 to 54 years","1,291",963,74.6,904,70.1,59,6.1,4.6 – 7.6
2020,47,12,Tennessee,"Women, 55 years and over","1,126",352,31.3,328,29.1,25,7.0,4.4 – 9.6
2020,47,13,Tennessee,White,"4,350","2,634",60.5,"2,455",56.4,179,6.8,5.8 – 7.8
2020,47,14,Tennessee,"White, 16 to 24 years",581,334,57.6,295,50.8,39,11.8,8.4 – 15.2
2020,47,15,Tennessee,"White, 25 to 54 years","2,027","1,660",81.9,"1,557",76.8,103,6.2,5.1 – 7.3
2020,47,16,Tennessee,"White, 55 years and over","1,742",640,36.7,603,34.6,37,5.8,4.0 – 7.6
2020,47,17,Tennessee,Black or African American,879,530,60.3,465,52.9,65,12.3,9.4 – 15.2
2020,47,18,Tennessee,"Black or African American, 16 to 24 years",169,99,58.7,72,42.8,27,27.0,18.0 – 36.0
2020,47,19,Tennessee,"Black or African American, 25 to 54 years",429,333,77.7,302,70.4,31,9.4,6.2 – 12.6
2020,47,20,Tennessee,"Black or African American, 55 years and over",282,98,34.7,91,32.2,7,7.1,1.9 – 12.3
2020,47,25,Tennessee,Hispanic or Latino ethnicity,300,216,72.1,192,64.2,24,10.9,6.9 – 14.9
2020,47,27,Tennessee,"Hispanic or Latino ethnicity, 25 to 54 years",203,155,76.2,140,68.9,15,9.6,5.2 – 14.0
2020,48,01,Texas,Total,"22,289","14,001",62.8,"12,945",58.1,"1,055",7.5,7.0 – 8.0
2020,48,02,Texas,"Total, 16 to 24 years","3,680","1,846",50.2,"1,600",43.5,246,13.3,11.6 – 15.0
2020,48,03,Texas,"Total, 25 to 54 years","11,434","9,239",80.8,"8,617",75.4,622,6.7,6.1 – 7.3
2020,48,04,Texas,"Total, 55 years and over","7,175","2,916",40.6,"2,728",38.0,188,6.4,5.4 – 7.4
2020,48,05,Texas,Men,"10,849","7,691",70.9,"7,132",65.7,558,7.3,6.6 – 8.0
2020,48,06,Texas,"Men, 16 to 24 years","1,843","1,001",54.3,877,47.6,124,12.4,10.1 – 14.7
2020,48,07,Texas,"Men, 25 to 54 years","5,663","5,053",89.2,"4,717",83.3,336,6.6,5.8 – 7.4
2020,48,08,Texas,"Men, 55 years and over","3,343","1,637",49.0,"1,539",46.0,99,6.0,4.7 – 7.3
2020,48,09,Texas,Women,"11,440","6,310",55.2,"5,813",50.8,497,7.9,7.1 – 8.7
2020,48,10,Texas,"Women, 16 to 24 years","1,837",845,46.0,724,39.4,121,14.4,11.7 – 17.1
2020,48,11,Texas,"Women, 25 to 54 years","5,771","4,186",72.5,"3,900",67.6,286,6.8,5.9 – 7.7
2020,48,12,Texas,"Women, 55 years and over","3,832","1,279",33.4,"1,189",31.0,89,7.0,5.4 – 8.6
2020,48,13,Texas,White,"17,568","10,984",62.5,"10,214",58.1,769,7.0,6.5 – 7.5
2020,48,14,Texas,"White, 16 to 24 years","2,853","1,479",51.8,"1,297",45.5,182,12.3,10.4 – 14.2
2020,48,15,Texas,"White, 25 to 54 years","8,827","7,116",80.6,"6,664",75.5,451,6.3,5.7 – 6.9
2020,48,16,Texas,"White, 55 years and over","5,887","2,389",40.6,"2,253",38.3,136,5.7,4.7 – 6.7
2020,48,17,Texas,Black or African American,"2,840","1,797",63.3,"1,597",56.2,200,11.1,9.4 – 12.8
2020,48,18,Texas,"Black or African American, 16 to 24 years",494,229,46.4,186,37.6,43,18.9,13.0 – 24.8
2020,48,19,Texas,"Black or African American, 25 to 54 years","1,533","1,248",81.4,"1,122",73.2,125,10.1,8.2 – 12.0
2020,48,20,Texas,"Black or African American, 55 years and over",813,320,39.4,289,35.5,31,9.8,6.0 – 13.6
2020,48,21,Texas,Asian,"1,314",849,64.6,790,60.1,60,7.0,5.3 – 8.7
2020,48,23,Texas,"Asian, 25 to 54 years",793,648,81.7,612,77.2,36,5.6,3.9 – 7.3
2020,48,24,Texas,"Asian, 55 years and over",349,150,43.1,136,38.9,15,9.7,5.1 – 14.3
2020,48,25,Texas,Hispanic or Latino ethnicity,"8,049","5,231",65.0,"4,763",59.2,468,8.9,8.0 – 9.8
2020,48,26,Texas,"Hispanic or Latino ethnicity, 16 to 24 years","1,666",889,53.3,753,45.2,136,15.3,12.4 – 18.2
2020,48,27,Texas,"Hispanic or Latino ethnicity, 25 to 54 years","4,576","3,566",77.9,"3,299",72.1,267,7.5,6.5 – 8.5
2020,48,28,Texas,"Hispanic or Latino ethnicity, 55 years and over","1,807",777,43.0,712,39.4,65,8.4,6.0 – 10.8
2020,49,01,Utah,Total,"2,400","1,628",67.9,"1,549",64.6,79,4.9,4.2 – 5.6
2020,49,02,Utah,"Total, 16 to 24 years",475,326,68.6,300,63.2,26,7.8,5.8 – 9.8
2020,49,03,Utah,"Total, 25 to 54 years","1,231","1,012",82.2,971,78.9,41,4.1,3.3 – 4.9
2020,49,04,Utah,"Total, 55 years and over",694,290,41.8,278,40.1,12,4.2,2.7 – 5.7
2020,49,05,Utah,Men,"1,197",905,75.6,863,72.1,42,4.6,3.7 – 5.5
2020,49,06,Utah,"Men, 16 to 24 years",252,178,70.6,160,63.7,17,9.8,6.9 – 12.7
2020,49,07,Utah,"Men, 25 to 54 years",611,559,91.5,540,88.3,19,3.5,2.5 – 4.5
2020,49,08,Utah,"Men, 55 years and over",334,168,50.3,163,48.8,5,3.0,1.3 – 4.7
2020,49,09,Utah,Women,"1,203",723,60.1,686,57.1,37,5.1,4.0 – 6.2
2020,49,10,Utah,"Women, 16 to 24 years",223,148,66.3,140,62.6,8,5.5,3.0 – 8.0
2020,49,11,Utah,"Women, 25 to 54 years",620,453,73.2,431,69.6,22,4.8,3.5 – 6.1
2020,49,12,Utah,"Women, 55 years and over",360,122,33.9,115,32.0,7,5.7,2.9 – 8.5
2020,49,13,Utah,White,"2,203","1,491",67.7,"1,423",64.6,68,4.6,3.9 – 5.3
2020,49,14,Utah,"White, 16 to 24 years",421,290,68.9,268,63.6,22,7.7,5.7 – 9.7
2020,49,15,Utah,"White, 25 to 54 years","1,122",927,82.7,893,79.6,35,3.8,3.0 – 4.6
2020,49,16,Utah,"White, 55 years and over",661,273,41.3,262,39.7,11,4.0,2.4 – 5.6
2020,49,25,Utah,Hispanic or Latino ethnicity,312,235,75.5,223,71.5,12,5.3,3.5 – 7.1
2020,49,26,Utah,"Hispanic or Latino ethnicity, 16 to 24 years",78,50,63.3,46,59.1,3,6.5,2.1 – 10.9
2020,49,27,Utah,"Hispanic or Latino ethnicity, 25 to 54 years",189,160,84.7,152,80.4,8,5.1,2.9 – 7.3
2020,50,01,Vermont,Total,519,331,63.8,312,60.2,19,5.6,4.8 – 6.4
2020,50,02,Vermont,"Total, 16 to 24 years",62,36,58.3,32,52.4,4,10.1,7.1 – 13.1
2020,50,03,Vermont,"Total, 25 to 54 years",234,198,84.7,189,80.5,10,5.0,4.1 – 5.9
2020,50,04,Vermont,"Total, 55 years and over",223,96,43.2,91,41.0,5,5.2,3.9 – 6.5
2020,50,05,Vermont,Men,254,169,66.6,159,62.4,11,6.3,5.2 – 7.4
2020,50,06,Vermont,"Men, 16 to 24 years",33,18,54.3,16,48.4,2,10.9,6.5 – 15.3
2020,50,07,Vermont,"Men, 25 to 54 years",114,98,86.5,93,81.4,6,5.9,4.5 – 7.3
2020,50,08,Vermont,"Men, 55 years and over",108,53,49.4,50,46.7,3,5.5,3.7 – 7.3
2020,50,09,Vermont,Women,264,161,61.1,154,58.1,8,4.9,3.9 – 5.9
2020,50,10,Vermont,"Women, 16 to 24 years",29,18,62.8,17,56.9,2,9.5,5.5 – 13.5
2020,50,11,Vermont,"Women, 25 to 54 years",120,100,83.1,96,79.7,4,4.1,2.9 – 5.3
2020,50,12,Vermont,"Women, 55 years and over",115,43,37.5,41,35.6,2,4.9,3.0 – 6.8
2020,50,13,Vermont,White,497,317,63.8,300,60.3,17,5.4,4.6 – 6.2
2020,50,14,Vermont,"White, 16 to 24 years",56,33,58.3,30,52.7,3,9.5,6.5 – 12.5
2020,50,15,Vermont,"White, 25 to 54 years",223,190,85.2,181,81.1,9,4.8,3.9 – 5.7
2020,50,16,Vermont,"White, 55 years and over",217,94,43.2,89,41.0,5,5.1,3.8 – 6.4
2020,51,01,Virginia,Total,"6,724","4,384",65.2,"4,109",61.1,275,6.3,5.6 – 7.0
2020,51,02,Virginia,"Total, 16 to 24 years",903,500,55.4,437,48.5,63,12.6,9.6 – 15.6
2020,51,03,Virginia,"Total, 25 to 54 years","3,375","2,831",83.9,"2,674",79.2,156,5.5,4.6 – 6.4
2020,51,04,Virginia,"Total, 55 years and over","2,446","1,053",43.0,997,40.8,56,5.3,3.9 – 6.7
2020,51,05,Virginia,Men,"3,217","2,281",70.9,"2,153",66.9,129,5.6,4.6 – 6.6
2020,51,06,Virginia,"Men, 16 to 24 years",453,249,54.9,221,48.8,28,11.2,7.2 – 15.2
2020,51,07,Virginia,"Men, 25 to 54 years","1,634","1,482",90.7,"1,409",86.2,74,5.0,3.9 – 6.1
2020,51,08,Virginia,"Men, 55 years and over","1,131",550,48.7,523,46.2,27,5.0,3.1 – 6.9
2020,51,09,Virginia,Women,"3,507","2,103",60.0,"1,956",55.8,146,6.9,5.8 – 8.0
2020,51,10,Virginia,"Women, 16 to 24 years",450,252,56.0,217,48.2,35,14.0,9.6 – 18.4
2020,51,11,Virginia,"Women, 25 to 54 years","1,742","1,348",77.4,"1,265",72.7,83,6.1,4.8 – 7.4
2020,51,12,Virginia,"Women, 55 years and over","1,315",503,38.2,474,36.1,28,5.6,3.5 – 7.7
2020,51,13,Virginia,White,"4,764","3,110",65.3,"2,948",61.9,162,5.2,4.4 – 6.0
2020,51,14,Virginia,"White, 16 to 24 years",603,360,59.8,328,54.4,32,9.0,6.0 – 12.0
2020,51,15,Virginia,"White, 25 to 54 years","2,337","1,979",84.7,"1,888",80.8,91,4.6,3.6 – 5.6
2020,51,16,Virginia,"White, 55 years and over","1,824",770,42.2,733,40.2,38,4.9,3.3 – 6.5
2020,51,17,Virginia,Black or African American,"1,294",830,64.2,754,58.3,76,9.2,7.1 – 11.3
2020,51,18,Virginia,"Black or African American, 16 to 24 years",197,92,46.6,68,34.6,24,25.7,16.4 – 35.0
2020,51,19,Virginia,"Black or African American, 25 to 54 years",660,541,82.0,499,75.7,42,7.7,5.4 – 10.0
2020,51,20,Virginia,"Black or African American, 55 years and over",437,198,45.2,187,42.7,11,5.6,2.3 – 8.9
2020,51,21,Virginia,Asian,483,334,69.3,306,63.3,29,8.6,5.7 – 11.5
2020,51,23,Virginia,"Asian, 25 to 54 years",294,241,82.1,223,75.7,19,7.8,4.6 – 11.0
2020,51,25,Virginia,Hispanic or Latino ethnicity,659,470,71.3,426,64.6,44,9.4,6.6 – 12.2
2020,51,26,Virginia,"Hispanic or Latino ethnicity, 16 to 24 years",144,89,61.7,79,54.6,10,11.4,4.5 – 18.3
2020,51,27,Virginia,"Hispanic or Latino ethnicity, 25 to 54 years",395,316,80.0,288,72.9,28,8.9,5.6 – 12.2
2020,53,01,Washington,Total,"6,099","3,921",64.3,"3,595",58.9,327,8.3,7.5 – 9.1
2020,53,02,Washington,"Total, 16 to 24 years",823,461,56.0,375,45.5,86,18.7,15.5 – 21.9
2020,53,03,Washington,"Total, 25 to 54 years","3,125","2,589",82.9,"2,402",76.9,187,7.2,6.3 – 8.1
2020,53,04,Washington,"Total, 55 years and over","2,152",872,40.5,818,38.0,54,6.2,4.7 – 7.7
2020,53,05,Washington,Men,"3,010","2,103",69.9,"1,922",63.8,181,8.6,7.5 – 9.7
2020,53,06,Washington,"Men, 16 to 24 years",423,246,58.2,198,46.8,48,19.5,15.0 – 24.0
2020,53,07,Washington,"Men, 25 to 54 years","1,566","1,395",89.1,"1,291",82.4,104,7.4,6.1 – 8.7
2020,53,08,Washington,"Men, 55 years and over","1,022",462,45.2,433,42.4,29,6.3,4.3 – 8.3
2020,53,09,Washington,Women,"3,089","1,819",58.9,"1,673",54.2,146,8.0,6.8 – 9.2
2020,53,10,Washington,"Women, 16 to 24 years",400,215,53.7,177,44.2,38,17.8,13.1 – 22.5
2020,53,11,Washington,"Women, 25 to 54 years","1,559","1,194",76.6,"1,111",71.3,83,7.0,5.7 – 8.3
2020,53,12,Washington,"Women, 55 years and over","1,130",410,36.3,385,34.1,25,6.0,3.9 – 8.1
2020,53,13,Washington,White,"4,844","3,087",63.7,"2,842",58.7,245,7.9,7.0 – 8.8
2020,53,14,Washington,"White, 16 to 24 years",645,376,58.4,311,48.3,65,17.3,13.8 – 20.8
2020,53,15,Washington,"White, 25 to 54 years","2,376","1,983",83.5,"1,848",77.8,135,6.8,5.8 – 7.8
2020,53,16,Washington,"White, 55 years and over","1,824",728,39.9,683,37.5,45,6.1,4.5 – 7.7
2020,53,17,Washington,Black or African American,242,167,69.1,146,60.3,21,12.7,7.7 – 17.7
2020,53,19,Washington,"Black or African American, 25 to 54 years",157,125,79.6,110,70.2,15,11.9,6.4 – 17.4
2020,53,21,Washington,Asian,572,378,66.1,354,62.0,24,6.3,4.1 – 8.5
2020,53,23,Washington,"Asian, 25 to 54 years",356,295,82.8,279,78.5,15,5.2,3.0 – 7.4
2020,53,24,Washington,"Asian, 55 years and over",157,62,39.8,58,37.3,4,6.2,0.9 – 11.5
2020,53,25,Washington,Hispanic or Latino ethnicity,734,529,72.1,477,65.0,52,9.8,7.3 – 12.3
2020,53,26,Washington,"Hispanic or Latino ethnicity, 16 to 24 years",171,100,58.2,79,46.2,20,20.6,12.7 – 28.5
2020,53,27,Washington,"Hispanic or Latino ethnicity, 25 to 54 years",444,360,81.0,334,75.2,26,7.2,4.5 – 9.9
2020,53,28,Washington,"Hispanic or Latino ethnicity, 55 years and over",119,70,58.7,64,54.0,6,8.0,1.6 – 14.4
2020,54,01,West Virginia,Total,"1,444",793,54.9,728,50.4,64,8.1,6.9 – 9.3
2020,54,02,West Virginia,"Total, 16 to 24 years",193,101,52.2,86,44.6,15,14.7,10.5 – 18.9
2020,54,03,West Virginia,"Total, 25 to 54 years",638,502,78.8,463,72.6,39,7.8,6.4 – 9.2
2020,54,04,West Virginia,"Total, 55 years and over",613,190,30.9,179,29.2,10,5.4,3.4 – 7.4
2020,54,05,West Virginia,Men,705,419,59.3,382,54.2,36,8.7,7.0 – 10.4
2020,54,06,West Virginia,"Men, 16 to 24 years",93,49,52.5,42,44.7,7,14.9,8.8 – 21.0
2020,54,07,West Virginia,"Men, 25 to 54 years",326,274,84.1,250,76.8,24,8.7,6.7 – 10.7
2020,54,08,West Virginia,"Men, 55 years and over",286,95,33.3,90,31.5,5,5.5,2.7 – 8.3
2020,54,09,West Virginia,Women,738,374,50.7,346,46.9,28,7.5,5.9 – 9.1
2020,54,10,West Virginia,"Women, 16 to 24 years",99,52,51.9,44,44.4,7,14.4,8.6 – 20.2
2020,54,11,West Virginia,"Women, 25 to 54 years",312,228,73.2,213,68.2,16,6.8,4.8 – 8.8
2020,54,12,West Virginia,"Women, 55 years and over",327,94,28.8,89,27.2,5,5.4,2.6 – 8.2
2020,54,13,West Virginia,White,"1,367",742,54.3,683,50.0,59,7.9,6.7 – 9.1
2020,54,14,West Virginia,"White, 16 to 24 years",179,93,51.9,80,44.6,13,14.1,9.8 – 18.4
2020,54,15,West Virginia,"White, 25 to 54 years",596,468,78.5,431,72.4,36,7.8,6.3 – 9.3
2020,54,16,West Virginia,"White, 55 years and over",591,181,30.7,172,29.1,9,5.2,3.2 – 7.2
2020,54,17,West Virginia,Black or African American,45,31,68.7,28,61.3,3,10.8,6.1 – 15.5
2020,54,19,West Virginia,"Black or African American, 25 to 54 years",23,21,91.1,19,83.8,2,8.0,3.0 – 13.0
2020,55,01,Wisconsin,Total,"4,655","3,074",66.0,"2,878",61.8,196,6.4,5.5 – 7.3
2020,55,02,Wisconsin,"Total, 16 to 24 years",640,411,64.2,366,57.1,45,11.0,8.0 – 14.0
2020,55,03,Wisconsin,"Total, 25 to 54 years","2,170","1,872",86.3,"1,761",81.1,111,5.9,4.8 – 7.0
2020,55,04,Wisconsin,"Total, 55 years and over","1,844",791,42.9,751,40.7,40,5.0,3.5 – 6.5
2020,55,05,Wisconsin,Men,"2,290","1,618",70.7,"1,521",66.4,98,6.0,4.8 – 7.2
2020,55,06,Wisconsin,"Men, 16 to 24 years",338,214,63.2,194,57.4,19,9.1,5.2 – 13.0
2020,55,07,Wisconsin,"Men, 25 to 54 years","1,062",967,91.1,909,85.7,58,6.0,4.5 – 7.5
2020,55,08,Wisconsin,"Men, 55 years and over",890,437,49.1,417,46.9,20,4.6,2.6 – 6.6
2020,55,09,Wisconsin,Women,"2,365","1,456",61.6,"1,357",57.4,99,6.8,5.5 – 8.1
2020,55,10,Wisconsin,"Women, 16 to 24 years",302,197,65.3,172,56.8,26,13.0,8.3 – 17.7
2020,55,11,Wisconsin,"Women, 25 to 54 years","1,109",904,81.6,852,76.8,53,5.8,4.3 – 7.3
2020,55,12,Wisconsin,"Women, 55 years and over",954,354,37.1,334,35.0,20,5.6,3.2 – 8.0
2020,55,13,Wisconsin,White,"4,140","2,736",66.1,"2,580",62.3,156,5.7,4.8 – 6.6
2020,55,14,Wisconsin,"White, 16 to 24 years",540,354,65.5,318,58.8,36,10.2,7.0 – 13.4
2020,55,15,Wisconsin,"White, 25 to 54 years","1,888","1,651",87.5,"1,568",83.1,84,5.1,4.0 – 6.2
2020,55,16,Wisconsin,"White, 55 years and over","1,713",731,42.7,695,40.6,37,5.0,3.4 – 6.6
2020,55,17,Wisconsin,Black or African American,277,177,64.0,148,53.6,29,16.2,10.6 – 21.8
2020,55,19,Wisconsin,"Black or African American, 25 to 54 years",160,122,76.3,102,63.5,21,16.8,10.2 – 23.4
2020,55,25,Wisconsin,Hispanic or Latino ethnicity,261,177,67.9,157,60.0,21,11.7,6.8 – 16.6
2020,55,27,Wisconsin,"Hispanic or Latino ethnicity, 25 to 54 years",151,116,76.7,101,67.0,15,12.6,6.4 – 18.8
2020,56,01,Wyoming,Total,454,296,65.2,279,61.4,17,5.9,4.9 – 6.9
2020,56,02,Wyoming,"Total, 16 to 24 years",65,41,62.5,36,55.7,4,10.8,7.4 – 14.2
2020,56,03,Wyoming,"Total, 25 to 54 years",207,177,85.5,168,81.3,9,4.9,3.8 – 6.0
2020,56,04,Wyoming,"Total, 55 years and over",182,79,43.2,74,40.7,4,5.6,3.8 – 7.4
2020,56,05,Wyoming,Men,229,161,70.2,150,65.6,11,6.6,5.2 – 8.0
2020,56,06,Wyoming,"Men, 16 to 24 years",34,22,66.1,20,58.5,3,11.5,6.8 – 16.2
2020,56,07,Wyoming,"Men, 25 to 54 years",105,97,91.8,91,86.5,6,5.8,4.2 – 7.4
2020,56,08,Wyoming,"Men, 55 years and over",90,42,46.5,39,43.7,2,6.0,3.5 – 8.5
2020,56,09,Wyoming,Women,226,136,60.1,129,57.1,7,5.0,3.7 – 6.3
2020,56,10,Wyoming,"Women, 16 to 24 years",31,18,58.5,17,52.7,2,10.0,5.1 – 14.9
2020,56,11,Wyoming,"Women, 25 to 54 years",102,80,78.9,77,76.0,3,3.7,2.2 – 5.2
2020,56,12,Wyoming,"Women, 55 years and over",92,37,40.0,35,37.9,2,5.2,2.7 – 7.7
2020,56,13,Wyoming,White,426,276,64.9,262,61.4,15,5.4,4.4 – 6.4
2020,56,14,Wyoming,"White, 16 to 24 years",61,38,62.5,34,55.9,4,10.6,7.1 – 14.1
2020,56,15,Wyoming,"White, 25 to 54 years",192,165,86.0,158,82.4,7,4.2,3.1 – 5.3
2020,56,16,Wyoming,"White, 55 years and over",174,74,42.5,70,40.2,4,5.4,3.6 – 7.2
2020,56,25,Wyoming,Hispanic or Latino ethnicity,41,27,66.2,25,61.6,2,6.9,3.8 – 10.0
2020,56,27,Wyoming,"Hispanic or Latino ethnicity, 25 to 54 years",21,17,79.2,16,75.6,1,4.6,1.4 – 7.8